kana,kanji,level
ああ,嗚呼,n1
あい,相,n1
あいかわらず,相変わらず,n1
あいそ,愛想,n1
あいたい,相対,n1
あいだがら,間柄,n1
あいぞう,愛憎,n1
あいま,合間,n1
あえて,敢えて,n1
あおぐ,仰ぐ,n1
あか,垢,n1
あか,亜科,n1
あかがね,銅,n1
あかし,証,n1
あかじ,赤字,n1
あかす,明かす,n1
あかちゃん,赤ちゃん,n1
あからさま,明白,n1
あからむ,赤らむ,n1
あかるい,明るい,n1
あがり,上がり,n1
あがる,上がる,n1
あきうど,商人,n1
あきま,空間,n1
あきらめ,諦め,n1
あきれる,呆れる,n1
あく,悪,n1
あく,灰汁,n1
あくどい,悪どい,n1
あくび,悪日,n1
あくる,明くる,n1
あこがれ,憧れ,n1
あご,顎,n1
あさ,麻,n1
あさって,明後日,n1
あさねぼう,朝寝坊,n1
あさましい,浅ましい,n1
あざ,字,n1
あざむく,欺く,n1
あざやか,鮮やか,n1
あざわらう,あざ笑う,n1
あじわい,味わい,n1
あずま,東,n1
あせる,焦る,n1
あそこ,彼処,n1
あたい,値,n1
あたいする,値する,n1
あたし,私,n1
あたり,当たり,n1
あたりまえ,当たり前,n1
あだびと,他人,n1
あちこち,彼方此方,n1
あちら,彼方,n1
あちらこちら,彼方此方,n1
あっか,悪化,n1
あっけない,呆気ない,n1
あっこう,悪口,n1
あっさり,,n1
あっぱく,圧迫,n1
あつかい,扱い,n1
あつまる,集まる,n1
あつらえる,誂える,n1
あつりょく,圧力,n1
あて,当て,n1
あて,宛,n1
あてじ,当て字,n1
あてはまる,当てはまる,n1
あてはめる,当てはめる,n1
あてる,宛てる,n1
あとつぎ,跡継ぎ,n1
あとまわし,後回し,n1
あなた,貴女,n1
あの,彼の,n1
あふれる,溢れる,n1
あぶらえ,油絵,n1
あぶる,炙る,n1
あべこべ,,n1
あまえる,甘える,n1
あまくち,甘口,n1
あまぐ,雨具,n1
あまつ,天津,n1
あみ,網,n1
あめつち,天地,n1
あやつる,操る,n1
あやふや,,n1
あやぶむ,危ぶむ,n1
あやまち,過ち,n1
あやまる,誤る,n1
あゆみ,歩み,n1
あゆむ,歩む,n1
あら,,n1
あらかじめ,予め,n1
あらす,荒らす,n1
あらすじ,粗筋,n1
あらそい,争い,n1
あらたまる,改まる,n1
あらっぽい,荒っぽい,n1
あらゆる,凡ゆる,n1
あられ,霰,n1
あらわれ,現われ,n1
あらわれる,現われる,n1
ありがとう,有難う,n1
ありさま,有様,n1
ありのまま,有りのまま,n1
ある,或る,n1
あるいは,或いは,n1
あれこれ,彼此,n1
あわす,合わす,n1
あわせ,合わせ,n1
あわただしい,慌ただしい,n1
あわてる,慌てる,n1
あんさつ,暗殺,n1
あんざん,暗算,n1
あんじ,暗示,n1
あんじる,案じる,n1
あんせい,安静,n1
あんのじょう,案の定,n1
あんまり,余り,n1
い,依,n1
い,伊,n1
いいえ,,n1
いいかげん,いい加減,n1
いいわけ,言い訳,n1
いえで,家出,n1
いえぬし,家主,n1
いかが,如何,n1
いかす,生かす,n1
いかずち,雷,n1
いかに,如何に,n1
いかにも,如何にも,n1
いかり,怒り,n1
いかる,怒る,n1
いがむ,歪む,n1
いき,粋,n1
いきがい,域外,n1
いきごむ,意気込む,n1
いきさつ,経緯,n1
いきちがい,行き違い,n1
いきなり,行き成り,n1
いぎ,異議,n1
いくさ,軍,n1
いくさ,戦,n1
いくせい,育成,n1
いくた,幾多,n1
いける,活ける,n1
いけん,異見,n1
いこう,意向,n1
いこう,移行,n1
いざ,,n1
いしぶみ,碑,n1
いしょう,衣装,n1
いじ,意地,n1
いじめる,苛める,n1
いじゅう,移住,n1
いじる,弄る,n1
いずれ,何れ,n1
いせい,異性,n1
いせき,遺跡,n1
いぜん,依然,n1
いそん,依存,n1
いたく,委託,n1
いただき,頂,n1
いただきます,戴きます,n1
いたって,至って,n1
いたむ,痛む,n1
いためる,痛める,n1
いためる,炒める,n1
いたわる,労る,n1
いち,位地,n1
いちいち,一々,n1
いちがいに,一概に,n1
いちげん,一見,n1
いちげん,一言,n1
いちじつ,一日,n1
いちじょう,一定,n1
いちじるしい,著しい,n1
いちどう,一同,n1
いちにん,一人,n1
いちぶ,一部,n1
いちぶぶん,一部分,n1
いちべつ,一別,n1
いちめん,一面,n1
いちもく,一目,n1
いちよう,一様,n1
いちりつ,一律,n1
いちれん,一連,n1
いっかつ,一括,n1
いっき,一気,n1
いっきょに,一挙に,n1
いっさい,一切,n1
いっしん,一心,n1
いっそ,,n1
いったい,一帯,n1
いっぱい,一敗,n1
いっぺん,一変,n1
いつでも,何時でも,n1
いつのまにか,何時の間にか,n1
いつまでも,何時までも,n1
いと,意図,n1
いとなむ,営む,n1
いとま,暇,n1
いどう,異動,n1
いどむ,挑む,n1
いなびかり,稲光,n1
いにしえ,古,n1
いのり,祈り,n1
いびき,鼾,n1
いまさら,今更,n1
いまだ,未だ,n1
いみん,移民,n1
いやいや,厭々,n1
いやしい,卑しい,n1
いやに,嫌に,n1
いやらしい,厭らしい,n1
いよいよ,愈々,n1
いよく,意欲,n1
いらいら,苛々,n1
いりくち,入口,n1
いりょう,衣料,n1
いりょく,威力,n1
いる,入る,n1
いるい,衣類,n1
いろいろ,色々,n1
いろん,異論,n1
いわゆる,所謂,n1
いん,印,n1
いん,員,n1
いんかん,印鑑,n1
いんき,陰気,n1
いんきょ,隠居,n1
うえした,上下,n1
うかぶ,浮かぶ,n1
うかる,受かる,n1
うがい,含嗽,n1
うけいれ,受け入れ,n1
うけいれる,受け入れる,n1
うけつぐ,受け継ぐ,n1
うけつける,受け付ける,n1
うけとめる,受け止める,n1
うけとり,受け取り,n1
うけみ,受身,n1
うごき,動き,n1
うしお,潮,n1
うじ,氏,n1
うず,渦,n1
うずまる,埋まる,n1
うそつき,嘘つき,n1
うちあわせ,打ち合わせ,n1
うちあわせる,打ち合わせる,n1
うちきる,打ち切る,n1
うちけし,打ち消し,n1
うちこむ,打ち込む,n1
うちわ,団扇,n1
うちわけ,内訳,n1
うったえ,訴え,n1
うっとうしい,鬱陶しい,n1
うつし,写し,n1
うつろ,空ろ,n1
うつわ,器,n1
うてん,雨天,n1
うでまえ,腕前,n1
うどん,饂飩,n1
うながす,促す,n1
うなる,唸る,n1
うぬぼれ,自惚れ,n1
うまい,甘い,n1
うまれつき,生まれつき,n1
うみじ,海路,n1
うむ,産む,n1
うめこむ,埋め込む,n1
うめぼし,梅干,n1
うら,末,n1
うらがえし,裏返し,n1
うりだし,売り出し,n1
うりだす,売り出す,n1
うるおう,潤う,n1
うるさい,五月蝿い,n1
うれゆき,売れ行き,n1
うわき,浮気,n1
うわて,上手,n1
うわまわる,上回る,n1
うわる,植わる,n1
うんえい,運営,n1
うんざり,,n1
うんそう,運送,n1
うんちん,運賃,n1
うんぬん,云々,n1
うんぱん,運搬,n1
うんめい,運命,n1
うんゆ,運輸,n1
うんよう,運用,n1
え,会,n1
え,重,n1
えい,鱝,n1
えいしゃ,映写,n1
えいじ,英字,n1
えいせい,衛生,n1
えいぞう,映像,n1
えいゆう,英雄,n1
えき,液,n1
えき,役,n1
えつらん,閲覧,n1
えもの,獲物,n1
えり,襟,n1
えん,縁,n1
えん,塩,n1
えん,艶,n1
えん,園,n1
えんかつ,円滑,n1
えんがわ,縁側,n1
えんがん,沿岸,n1
えんきょく,婉曲,n1
えんしゅう,演習,n1
えんしゅつ,演出,n1
えんじる,演じる,n1
えんずる,演ずる,n1
えんせん,沿線,n1
えんだん,縁談,n1
えんぽう,遠方,n1
えんまん,円満,n1
お,尾,n1
お,於,n1
おい,甥,n1
おいこむ,追い込む,n1
おいしい,美味しい,n1
おいだす,追い出す,n1
おいて,於いて,n1
おいでになる,お出でになる,n1
おいる,老いる,n1
おう,負う,n1
おうきゅう,応急,n1
おうごん,黄金,n1
おうしょく,黄色,n1
おうぼ,応募,n1
おおい,,n1
おおかた,大方,n1
おおがら,大柄,n1
おおげさ,大げさ,n1
おおごと,大事,n1
おおざっぱ,大ざっぱ,n1
おおすじ,大筋,n1
おおぞら,大空,n1
おおはば,大幅,n1
おおみず,大水,n1
おおやけ,公,n1
おかげ,お蔭,n1
おかげさまで,お蔭様で,n1
おかしい,可笑しい,n1
おかす,犯す,n1
おかす,侵す,n1
おかず,お菜,n1
おくびょう,臆病,n1
おくらす,遅らす,n1
おくれ,遅れ,n1
おこす,起こす,n1
おこない,行い,n1
おごそか,厳か,n1
おごる,傲る,n1
おさ,長,n1
おさえる,押さえる,n1
おさきに,お先に,n1
おさまる,収まる,n1
おさまる,納まる,n1
おさまる,治まる,n1
おさん,お産,n1
おしえ,教え,n1
おしこむ,押し込む,n1
おしむ,惜しむ,n1
おしゃべり,お喋り,n1
おしゃれ,お洒落,n1
おしよせる,押し寄せる,n1
おじいさん,お祖父さん,n1
おじゃまします,お邪魔します,n1
おす,雄,n1
おせじ,お世辞,n1
おそう,襲う,n1
おそくとも,遅くとも,n1
おそらく,恐らく,n1
おそれ,恐れ,n1
おそれいる,恐れ入る,n1
おだいじに,お大事に,n1
おだてる,煽てる,n1
おちこむ,落ち込む,n1
おちつき,落ち着き,n1
おちば,落ち葉,n1
おちる,落ちる,n1
おっかない,,n1
おっしゃる,仰っしゃる,n1
おつ,乙,n1
おつかい,お使い,n1
おてあげ,お手上げ,n1
おてあらい,御手洗い,n1
おと,弟,n1
おとす,落とす,n1
おとずれる,訪れる,n1
おとなしい,大人しい,n1
おとめ,少女,n1
おとも,お供,n1
おとろえる,衰える,n1
おどおど,,n1
おどかす,脅かす,n1
おどす,脅す,n1
おどろき,驚き,n1
おないどし,同い年,n1
おなご,女子,n1
おねがいします,お願いします,n1
おのおの,各,n1
おのずから,自ずから,n1
おはよう,お早う,n1
おばあさん,お祖母さん,n1
おびえる,怯える,n1
おびただしい,夥しい,n1
おびる,帯びる,n1
おぼえ,覚え,n1
おまけ,御負け,n1
おまわりさん,お巡りさん,n1
おみや,お宮,n1
おむつ,お襁褓,n1
おも,面,n1
おもいつき,思い付き,n1
おもしろい,面白い,n1
おもちゃ,玩具,n1
おもなる,重なる,n1
おもむき,趣,n1
おもむく,赴く,n1
おもやく,重役,n1
おもんじる,重んじる,n1
おもんずる,重んずる,n1
おやすみ,お休み,n1
おやつ,お八つ,n1
およそ,凡そ,n1
および,及び,n1
およぶ,及ぶ,n1
おり,織,n1
おり,檻,n1
おりかえす,折り返す,n1
おりもの,織物,n1
おる,織る,n1
おれ,俺,n1
おろか,愚か,n1
おろそか,疎か,n1
おわる,終わる,n1
ねいろ,音色,n1
おんわ,温和,n1
か,仮,n1
か,科,n1
か,個,n1
かい,下位,n1
かい,階,n1
かいあく,改悪,n1
かいうん,海運,n1
かいかく,改革,n1
かいがら,貝殻,n1
かいきゅう,階級,n1
かいきょう,海峡,n1
かいけん,会見,n1
かいご,介護,n1
かいさい,開催,n1
かいしゅう,回収,n1
かいしゅう,改修,n1
かいじゅう,怪獣,n1
かいじょ,解除,n1
かいそう,回送,n1
かいそう,階層,n1
かいたく,開拓,n1
かいだん,会談,n1
かいてい,改定,n1
かいてい,改訂,n1
かいどう,街道,n1
かいにゅう,介入,n1
かいはつ,開発,n1
かいばつ,海抜,n1
かいほう,介抱,n1
かいぼう,解剖,n1
かいらん,回覧,n1
かいりゅう,海流,n1
かいりょう,改良,n1
かいろ,回路,n1
かえりみる,顧みる,n1
かえりみる,省みる,n1
かえる,返る,n1
かおつき,顔付き,n1
かかげる,掲げる,n1
かかと,踵,n1
かかり,係り,n1
かがい,課外,n1
かきとり,書き取り,n1
かきとる,書き取る,n1
かきまわす,掻き回す,n1
かく,欠く,n1
かく,角,n1
かく,核,n1
かく,格,n1
かく,佳句,n1
かく,画,n1
かくさ,格差,n1
かくさん,拡散,n1
かくしゅ,各種,n1
かくしゅう,隔週,n1
かくしん,確信,n1
かくしん,革新,n1
かくてい,確定,n1
かくとく,獲得,n1
かくほ,確保,n1
かくめい,革命,n1
かくりつ,確立,n1
かけ,賭け,n1
かけ,掛け,n1
かけあし,駆け足,n1
かけい,家計,n1
かけっこ,駆けっこ,n1
かける,翔る,n1
かける,駆ける,n1
かける,賭ける,n1
かげつ,ヶ月,n1
かこう,加工,n1
かごう,化合,n1
かさばる,嵩張る,n1
かさむ,嵩む,n1
かざぐるま,風車,n1
かしこまりました,畏まりました,n1
かしゃ,華奢,n1
かしょ,箇所,n1
かしょう,火傷,n1
かじょうがき,箇条書き,n1
かじる,噛る,n1
かすか,微か,n1
かすむ,霞む,n1
かする,化する,n1
かする,擦る,n1
かせい,火星,n1
かせき,化石,n1
かせん,河川,n1
かせん,化繊,n1
かそ,過疎,n1
かた,過多,n1
かたい,難い,n1
かたおもい,片思い,n1
かたき,敵,n1
かたぎ,気質,n1
かたこと,片言,n1
かたづけ,片付け,n1
かたぶく,傾く,n1
かたむける,傾ける,n1
かためる,固める,n1
かたよる,偏る,n1
かたわら,傍ら,n1
かだい,課題,n1
かだん,花壇,n1
かちく,家畜,n1
かっき,画期,n1
かっぱつ,活発,n1
かつ,且つ,n1
かつ,割,n1
かつて,嘗て,n1
かど,門,n1
かなう,叶う,n1
かなえる,叶える,n1
かなづち,金槌,n1
かなぼう,鉄棒,n1
かなり,可成,n1
かにゅう,加入,n1
かねぐら,金庫,n1
かねごと,予言,n1
かねて,兼ねて,n1
かばん,下番,n1
かび,華美,n1
かふん,花粉,n1
かぶしき,株式,n1
かぶれる,気触れる,n1
かへい,貨幣,n1
かまえ,構え,n1
かまえる,構える,n1
かみ,加味,n1
かみきる,噛み切る,n1
かみつ,過密,n1
かめ,瓶,n1
かもしれない,かも知れない,n1
かゆ,粥,n1
かゆい,痒い,n1
からかう,揶揄う,n1
からだ,身体,n1
からだつき,体付き,n1
からむ,絡む,n1
かり,借り,n1
かり,下吏,n1
カルタ,加留多,n1
かれる,涸れる,n1
かろう,過労,n1
かろうじて,辛うじて,n1
かわ,側,n1
かわいい,可愛い,n1
かわいがる,可愛がる,n1
かわいそう,可哀想,n1
かわいらしい,可愛らしい,n1
かわす,交わす,n1
かわる,代わる,n1
かわるがわる,代わる代わる,n1
かん,乾,n1
かん,管,n1
かん,幹,n1
かん,冠,n1
かん,観,n1
かん,館,n1
かんい,簡易,n1
かんがい,感慨,n1
かんき,寒気,n1
かんけつ,簡潔,n1
かんげん,還元,n1
かんこう,刊行,n1
かんこう,慣行,n1
かんこく,勧告,n1
かんご,看護,n1
かんご,漢語,n1
かんさん,換算,n1
かんし,監視,n1
かんしゅう,慣習,n1
かんしゅう,観衆,n1
かんしょう,干渉,n1
かんしょく,感触,n1
かんじん,肝心,n1
かんせい,歓声,n1
かんせん,感染,n1
かんせん,幹線,n1
かんぜい,関税,n1
かんそ,簡素,n1
かんてん,観点,n1
かんど,感度,n1
かんぶ,幹部,n1
かんべん,勘弁,n1
かんぺき,完璧,n1
かんむりょう,感無量,n1
かんゆう,勧誘,n1
かんよ,関与,n1
かんよう,慣用,n1
かんよう,寛容,n1
かんらん,観覧,n1
かんりょう,官僚,n1
かんれい,慣例,n1
かんれき,還暦,n1
かんろく,貫禄,n1
かんわ,緩和,n1
がい,蓋,n1
がい,街,n1
がいか,外貨,n1
がいかん,外観,n1
がいしょう,外相,n1
がいする,害する,n1
がいせつ,概説,n1
がいとう,該当,n1
がいとう,街頭,n1
がいねん,概念,n1
がいらい,外来,n1
がいりゃく,概略,n1
がくげい,学芸,n1
がくし,学士,n1
がくせつ,学説,n1
がくふ,楽譜,n1
がくれき,学歴,n1
がけ,崖,n1
がち,雅致,n1
がっくり,,n1
がっしょう,合唱,n1
がっしり,,n1
がっち,合致,n1
がっちり,,n1
がっぴ,月日,n1
がっぺい,合併,n1
がる,,n1
がわ,側,n1
がん,癌,n1
がんか,眼科,n1
がんきゅう,眼球,n1
がんきょう,眼鏡,n1
がんこ,頑固,n1
がんしょ,願書,n1
がんじょう,頑丈,n1
がんせき,岩石,n1
がんねん,元年,n1
がんぶつ,贋物,n1
がんらい,元来,n1
き,生,n1
き,期,n1
きかく,企画,n1
きかく,規格,n1
きかざる,着飾る,n1
きかん,器官,n1
きかん,季刊,n1
きがい,危害,n1
きがね,気兼ね,n1
きがる,気軽,n1
きき,危機,n1
ききとり,聞き取り,n1
ききめ,効き目,n1
ききょう,帰京,n1
ききん,基金,n1
きけん,棄権,n1
きげき,喜劇,n1
きげん,起源,n1
きこう,機構,n1
きこん,既婚,n1
きさい,記載,n1
きざ,気障,n1
きざし,兆し,n1
きしむ,軋む,n1
きしょう,気象,n1
きじつ,期日,n1
きじゅつ,記述,n1
きすう,奇数,n1
きずく,築く,n1
きずつく,傷付く,n1
きせい,規制,n1
きせん,汽船,n1
きそう,寄贈,n1
きぞく,貴族,n1
きたえる,鍛える,n1
きたる,来る,n1
きだて,気立て,n1
きちっと,,n1
きちょうめん,几帳面,n1
きっかけ,切っ掛け,n1
きっかり,,n1
きっさ,喫茶,n1
きっちり,,n1
きっと,屹度,n1
きっぱり,,n1
きてい,規定,n1
きてん,起点,n1
きどう,軌道,n1
きのえ,甲,n1
きはい,気配,n1
きはん,規範,n1
きひん,気品,n1
きふう,気風,n1
きふく,起伏,n1
きぼ,規模,n1
きまぐれ,気まぐれ,n1
きまじめ,生真面目,n1
きまつ,期末,n1
きまりわるい,決まり悪い,n1
きまる,決まる,n1
きめい,記名,n1
きゃくしょく,脚色,n1
きゃくほん,脚本,n1
きゃっかん,客観,n1
きやく,規約,n1
きゅうえん,救援,n1
きゅうがく,休学,n1
きゅうきょく,究極,n1
きゅうくつ,窮屈,n1
きゅうこん,球根,n1
きゅうさい,救済,n1
きゅうしょく,給食,n1
きゅうじ,給仕,n1
きゅうせん,休戦,n1
きゅうち,旧知,n1
きゅうでん,宮殿,n1
きゅうぼう,窮乏,n1
きゅうりょう,丘陵,n1
とも,共,n1
きょうする,供する,n1
きょうい,驚異,n1
きょういん,教員,n1
きょうか,教科,n1
きょうかい,協会,n1
きょうかん,共感,n1
きょうがく,共学,n1
きょうぎ,協議,n1
きょうくん,教訓,n1
きょうぐう,境遇,n1
きょうこう,強行,n1
きょうこう,強硬,n1
きょうさく,凶作,n1
きょうさん,共産,n1
きょうざい,教材,n1
きょうしゅう,教習,n1
きょうしゅう,郷愁,n1
きょうしょく,教職,n1
きょうじゅ,享受,n1
きょうじる,興じる,n1
きょうせい,強制,n1
きょうそん,共存,n1
きょうだい,姉妹,n1
きょうちょう,協調,n1
きょうてい,協定,n1
きょうはく,脅迫,n1
きょうめい,共鳴,n1
きょうり,郷里,n1
きょうれつ,強烈,n1
きょうわ,共和,n1
きょく,曲,n1
きょくげん,局限,n1
きょくたん,極端,n1
きょじゅう,居住,n1
きょぜつ,拒絶,n1
きょひ,拒否,n1
きょよう,許容,n1
きょり,距離,n1
きよ,寄与,n1
きよらか,清らか,n1
きらく,気楽,n1
きらびやか,煌びやか,n1
きり,切り,n1
きり,桐,n1
きりかえる,切り替える,n1
きりゅう,気流,n1
きれい,奇麗,n1
きれめ,切れ目,n1
きわ,際,n1
きわた,木綿,n1
きわめて,極めて,n1
きんきん,僅々,n1
きんがん,近眼,n1
きんきゅう,緊急,n1
きんきん,近々,n1
きんこう,近郊,n1
きんこう,均衡,n1
きんし,近視,n1
きんじる,禁じる,n1
きんずる,禁ずる,n1
きんべん,勤勉,n1
きんむ,勤務,n1
きんもつ,禁物,n1
きんろう,勤労,n1
ぎあん,議案,n1
ぎきょく,戯曲,n1
ぎけつ,議決,n1
ぎじどう,議事堂,n1
ぎせい,犠牲,n1
ぎぞう,偽造,n1
ぎだい,議題,n1
ぎのう,技能,n1
ぎゃくてん,逆転,n1
ぎょう,行,n1
ぎょうしゃ,業者,n1
ぎょうせい,行政,n1
ぎょうせき,業績,n1
ぎょうむ,業務,n1
ぎょく,玉,n1
ぎょせん,漁船,n1
ぎょそん,漁村,n1
ぎり,義理,n1
ぎわく,疑惑,n1
ぎんみ,吟味,n1
く,区,n1
くいちがう,食い違う,n1
くうふく,空腹,n1
くかく,区画,n1
くかん,区間,n1
くき,茎,n1
くぎり,区切り,n1
くぐる,潜る,n1
くさぐさ,種々,n1
くしゃみ,嚏,n1
くじ,旧事,n1
くじびき,籤引,n1
くすぐったい,擽ぐったい,n1
くたびれる,草臥れる,n1
くだらない,下らない,n1
くだん,件,n1
くちずさむ,口ずさむ,n1
くちばし,嘴,n1
くちる,朽ちる,n1
くっきり,,n1
くっせつ,屈折,n1
くっつく,くっ付く,n1
くっつける,くっ付ける,n1
くつがえす,覆す,n1
くどい,諄い,n1
くにざかい,国境,n1
くびかざり,首飾り,n1
くびわ,首輪,n1
くみあわせ,組み合わせ,n1
くみあわせる,組み合わせる,n1
くみこむ,組み込む,n1
くら,蔵,n1
くるしめる,苦しめる,n1
くるむ,包む,n1
くれぐれも,呉れ呉れも,n1
くろうと,玄人,n1
くろじ,黒字,n1
くんしゅ,君主,n1
ぐち,愚痴,n1
ぐっと,,n1
ぐらい,,n1
ぐん,群,n1
ぐんかん,軍艦,n1
ぐんしゅう,群集,n1
ぐんじ,軍事,n1
ぐんび,軍備,n1
ぐんぷく,軍服,n1
けい,刑,n1
けい,頃,n1
けい,傾,n1
けい,系,n1
けいか,経過,n1
けいかい,軽快,n1
けいかい,警戒,n1
けいき,計器,n1
けいき,契機,n1
けいぐ,敬具,n1
けいげん,軽減,n1
けいさい,掲載,n1
けいしゃ,傾斜,n1
けいせい,形成,n1
けいせい,形勢,n1
けいそつ,軽率,n1
けいたい,携帯,n1
けいたい,形態,n1
けいばつ,刑罰,n1
けいひ,経費,n1
けいぶ,警部,n1
けいべつ,軽蔑,n1
けいれき,経歴,n1
けいろ,経路,n1
けがす,汚す,n1
けがらわしい,汚らわしい,n1
けがれ,汚れ,n1
けがれる,汚れる,n1
けだもの,獣,n1
けち,吝嗇,n1
けっかく,結核,n1
けっかん,血管,n1
けっこう,決行,n1
けっさん,決算,n1
けっしょう,決勝,n1
けっしょう,結晶,n1
けっせい,結成,n1
けっそく,結束,n1
けつ,傑,n1
けつい,決意,n1
けつぎ,決議,n1
けつごう,結合,n1
けつだん,決断,n1
けつぼう,欠乏,n1
けとばす,蹴飛ばす,n1
けなす,貶す,n1
けむたい,煙たい,n1
けむる,煙る,n1
けらい,家来,n1
けん,圏,n1
けん,権,n1
けんい,権威,n1
けんぎょう,兼業,n1
けんげん,権限,n1
けんざい,健在,n1
けんしょう,懸賞,n1
けんじ,検事,n1
けんぜん,健全,n1
けんち,見地,n1
けんめい,賢明,n1
けんやく,倹約,n1
けんよう,兼用,n1
けんりょく,権力,n1
げきだん,劇団,n1
げきれい,激励,n1
げっしゃ,月謝,n1
げっそり,,n1
げっぷ,月賦,n1
げり,下痢,n1
げん,原,n1
げんけい,原形,n1
げんこう,現行,n1
げんさく,原作,n1
げんし,原子,n1
げんしゅ,元首,n1
げんしょ,原書,n1
げんしょう,減少,n1
げんじょう,現場,n1
げんそ,元素,n1
げんそく,原則,n1
げんぞう,現像,n1
げんち,現地,n1
げんてい,限定,n1
げんてん,原点,n1
げんてん,原典,n1
げんてん,減点,n1
げんばく,原爆,n1
げんぶん,原文,n1
げんみつ,厳密,n1
げんゆ,原油,n1
げんろん,言論,n1
こ,故,n1
こ,戸,n1
こ,児,n1
きょ,巨,n1
こいする,恋する,n1
こう,溝,n1
こう,校,n1
こうい,好意,n1
こうい,行為,n1
こういん,行員,n1
こうえき,交易,n1
こうえん,公演,n1
こうかい,後悔,n1
こうかい,公開,n1
こうかい,航海,n1
こうがく,工学,n1
こうきょ,皇居,n1
こうきょう,好況,n1
こうぎ,抗議,n1
こうぎょう,鉱業,n1
こうぎょう,興業,n1
こうげん,高原,n1
こうこう,煌々,n1
こうこがく,考古学,n1
こうご,交互,n1
こうさく,工作,n1
こうさく,耕作,n1
こうざん,鉱山,n1
こうしゅう,講習,n1
こうしょう,交渉,n1
こうしょう,高尚,n1
こうしん,行進,n1
こうしんりょう,香辛料,n1
こうじゅつ,口述,n1
こうじょ,控除,n1
こうじょう,向上,n1
こうすい,降水,n1
こうずい,洪水,n1
こうぜん,公然,n1
こうそう,抗争,n1
こうそう,構想,n1
こうそく,拘束,n1
こうたい,後退,n1
こうたく,光沢,n1
こうだん,公団,n1
こうちょう,好調,n1
こうとう,口頭,n1
こうどく,講読,n1
こうどく,購読,n1
こうにゅう,購入,n1
こうにん,公認,n1
こうねつひ,光熱費,n1
こうはい,荒廃,n1
こうばい,購買,n1
こうひょう,好評,n1
こうふ,交付,n1
こうふく,降伏,n1
こうふん,興奮,n1
こうぼ,公募,n1
こうみょう,巧妙,n1
こうよう,公用,n1
こうり,小売,n1
こうりつ,効率,n1
こうりつ,公立,n1
こがら,小柄,n1
こぎって,小切手,n1
こくさん,国産,n1
こくてい,国定,n1
こくど,国土,n1
こくはく,告白,n1
こくぼう,国防,n1
こくゆう,国有,n1
こくれん,国連,n1
こぐ,漕ぐ,n1
こげちゃ,焦げ茶,n1
ここ,個々,n1
ここ,箇箇,n1
ここち,心地,n1
こころえ,心得,n1
こころがけ,心掛け,n1
こころがける,心掛ける,n1
こころざし,志,n1
こころざす,志す,n1
こころづよい,心強い,n1
こころぼそい,心細い,n1
こころみ,試み,n1
こころみる,試みる,n1
こころよい,快い,n1
こごらす,凝らす,n1
こごる,凝る,n1
こしらえる,拵える,n1
こじ,孤児,n1
こじれる,拗れる,n1
こじん,故人,n1
こずえ,梢,n1
こせい,個性,n1
こせき,戸籍,n1
こぜに,小銭,n1
こたい,固体,n1
こたえ,答え,n1
こたえる,堪える,n1
こたつ,火燵,n1
こだい,古代,n1
こだわる,拘る,n1
こちょう,誇張,n1
こっけい,滑稽,n1
こっこう,国交,n1
こっとうひん,骨董品,n1
こつ,骨,n1
こてい,固定,n1
ことがら,事柄,n1
ことごとく,悉く,n1
ことづて,言伝,n1
ことに,殊に,n1
ことによると,事によると,n1
こどく,孤独,n1
こなごな,粉々,n1
このあいだ,この間,n1
このごろ,この頃,n1
このましい,好ましい,n1
こべつ,個別,n1
こぼす,零す,n1
こまやか,細やか,n1
こむ,混む,n1
こめる,込める,n1
こもる,篭る,n1
こゆう,固有,n1
こよう,雇用,n1
こよみ,暦,n1
こらえる,堪える,n1
こりつ,孤立,n1
こりる,懲りる,n1
これ,此れ,n1
これら,此れ等,n1
こん,魂,n1
こんき,根気,n1
こんきょ,根拠,n1
こんけつ,混血,n1
こんちゅう,昆虫,n1
こんてい,根底,n1
こんどう,混同,n1
こんにちは,今日は,n1
こんばんは,今晩は,n1
こんぽん,根本,n1
ご,御,n1
ごい,語彙,n1
ごう,濠,n1
ごう,業,n1
ごう,号,n1
ごうい,合意,n1
ごうぎ,合議,n1
ごうぎ,強気,n1
ごうせい,合成,n1
ごえい,護衛,n1
ごく,語句,n1
ごくらく,極楽,n1
ごくろうさま,ご苦労様,n1
ごげん,語源,n1
ごさ,誤差,n1
ございます,ご座います,n1
ごちそう,ご馳走,n1
ごちそうさま,ご馳走さま,n1
ごと,毎,n1
ごばん,碁盤,n1
ごぶさた,ご無沙汰,n1
ごまかす,誤魔化す,n1
ごめんください,御免ください,n1
ごめんなさい,御免なさい,n1
ごらんなさい,御覧なさい,n1
さ,佐,n1
さい,再,n1
さい,差異,n1
さい,歳,n1
さいかい,再会,n1
さいがい,災害,n1
さいきん,細菌,n1
さいく,細工,n1
さいくつ,採掘,n1
さいけつ,採決,n1
さいけん,再建,n1
さいげん,再現,n1
さいさん,採算,n1
さいしゅう,採集,n1
さいせい,再生,n1
さいぜん,最善,n1
さいたく,採択,n1
さいはつ,再発,n1
さいばい,栽培,n1
さいぼう,細胞,n1
さいよう,採用,n1
さえぎる,遮る,n1
さえずる,囀る,n1
さえる,冴える,n1
さお,竿,n1
さかえる,栄える,n1
さかずき,杯,n1
さかだち,逆立ち,n1
さかのぼる,逆上る,n1
さかる,盛る,n1
さがく,差額,n1
さがる,下がる,n1
さきおととい,一昨昨日,n1
さきに,先に,n1
さぎ,詐欺,n1
さく,作,n1
さく,策,n1
さく,柵,n1
さくげん,削減,n1
さくご,錯誤,n1
さくせん,作戦,n1
さくぶつ,作物,n1
さけび,叫び,n1
さける,裂ける,n1
ささげる,捧げる,n1
さしかかる,差し掛かる,n1
さしず,指図,n1
さしだす,差し出す,n1
さしつかえる,差し支える,n1
さしひく,差し引く,n1
さじ,些事,n1
さずける,授ける,n1
さぞ,嘸,n1
さだまる,定まる,n1
さだめる,定める,n1
さっかく,錯覚,n1
さっきゅう,早急,n1
さっする,察する,n1
さっと,颯っと,n1
さつ,冊,n1
さつじん,殺人,n1
さて,偖,n1
さとる,悟る,n1
しんじつ,真実,n1
さばく,裁く,n1
さび,錆び,n1
さほど,左程,n1
さま,様,n1
さみせん,三味線,n1
さむらい,侍,n1
さも,然も,n1
さよう,作用,n1
さようなら,左様なら,n1
さらう,拐う,n1
さわやか,爽やか,n1
さわる,障る,n1
さん,酸,n1
さん,,n1
さんか,酸化,n1
さんがく,山岳,n1
さんきゅう,産休,n1
さんきょう,桟橋,n1
さんぎいん,参議院,n1
さんご,産後,n1
さんしゅつ,産出,n1
さんしょう,参照,n1
さんじょう,参上,n1
さんび,賛美,n1
さんふじんか,産婦人科,n1
さんぶつ,産物,n1
さんぷく,山腹,n1
さんみゃく,山脈,n1
ざい,財,n1
ざいげん,財源,n1
ざいこ,在庫,n1
ざいせい,財政,n1
ざだんかい,座談会,n1
ざっか,雑貨,n1
ざつ,雑,n1
ざつだん,雑談,n1
ざつぼく,雑木,n1
ざひょう,座標,n1
ざんきん,残金,n1
ざんこく,残酷,n1
ざんだか,残高,n1
し,死,n1
し,秭,n1
じ,次,n1
しあがり,仕上がり,n1
しあげ,仕上げ,n1
しあげる,仕上げる,n1
しあさって,明々後日,n1
しいく,飼育,n1
しいて,強いて,n1
しいる,強いる,n1
しいれる,仕入れる,n1
しーん,,n1
しか,歯科,n1
しかく,資格,n1
しかく,視覚,n1
しかけ,仕掛け,n1
しかける,仕掛ける,n1
しかしながら,然しながら,n1
しかも,而も,n1
しがい,市街,n1
しき,指揮,n1
しきさい,色彩,n1
しきじょう,式場,n1
しきたり,為来り,n1
しきりに,頻りに,n1
しきる,仕切る,n1
しきん,資金,n1
しぎょう,施行,n1
しくじる,,n1
しくみ,仕組み,n1
しけい,死刑,n1
しける,湿気る,n1
しこう,思考,n1
しこう,志向,n1
しこう,嗜好,n1
しさつ,視察,n1
しさん,資産,n1
ししゅう,刺繍,n1
しじ,支持,n1
しじ,指示,n1
しずく,雫,n1
しずめる,沈める,n1
しせつ,施設,n1
しそく,子息,n1
したう,慕う,n1
したごころ,下心,n1
したしむ,親しむ,n1
したしらべ,下調べ,n1
したじ,下地,n1
したためる,認める,n1
したてる,仕立てる,n1
したどり,下取り,n1
したび,下火,n1
しっかく,失格,n1
しっかり,確り,n1
しっそ,質素,n1
しっちょう,失調,n1
しっと,嫉妬,n1
しっぽ,尻尾,n1
しつ,室,n1
しつぎ,質疑,n1
しつけ,躾,n1
しつける,仕付ける,n1
してき,指摘,n1
してん,視点,n1
しなびる,萎びる,n1
しなやか,,n1
しにょう,屎尿,n1
しのぐ,凌ぐ,n1
しはつ,始発,n1
しば,芝,n1
しばしば,屡,n1
しばらく,暫く,n1
しびれる,痺れる,n1
しぶい,渋い,n1
しぶつ,私物,n1
しぶとい,,n1
しほう,司法,n1
しぼう,脂肪,n1
しぼう,志望,n1
しぼむ,萎む,n1
しまい,仕舞,n1
しまつ,始末,n1
しみじみ,,n1
しみる,染みる,n1
しめい,使命,n1
しめきり,締め切り,n1
しもべ,僕,n1
しゃこう,社交,n1
しゃぜつ,謝絶,n1
しゃたく,社宅,n1
しゃっくり,吃逆,n1
しゃべる,喋る,n1
しゃめん,斜面,n1
しゃらく,洒落,n1
しゃれる,洒落る,n1
しや,視野,n1
しゅ,種,n1
しゅう,衆,n1
しゅう,周,n1
しゅうえき,収益,n1
しゅうがく,修学,n1
しゅうき,周期,n1
しゅうぎいん,衆議院,n1
しゅうぎょう,就業,n1
しゅぎょう,修行,n1
しゅうけい,集計,n1
しゅうげき,襲撃,n1
しゅうし,収支,n1
しゅうし,終始,n1
しゅうし,修士,n1
しゅうしゅう,収集,n1
しゅうしょく,修飾,n1
しゅうじつ,終日,n1
しゅうじゃく,執着,n1
しゅうよう,収容,n1
しゅうりょう,修了,n1
しゅえい,守衛,n1
しゅえん,主演,n1
しゅかん,主観,n1
しゅくが,祝賀,n1
しゅくめい,宿命,n1
しゅけん,主権,n1
しゅげい,手芸,n1
しゅさい,主催,n1
しゅざい,取材,n1
しゅし,趣旨,n1
しゅしょく,主食,n1
しゅじんこう,主人公,n1
しゅたい,主体,n1
しゅだい,主題,n1
しゅっけつ,出血,n1
しゅっさん,出産,n1
しゅっしゃ,出社,n1
しゅっしょう,出生,n1
しゅっせ,出世,n1
しゅっぴ,出費,n1
しゅっぴん,出品,n1
しゅつえん,出演,n1
しゅつだい,出題,n1
しゅつどう,出動,n1
しゅどう,主導,n1
しゅにん,主任,n1
しゅのう,首脳,n1
しゅび,守備,n1
しゅほう,手法,n1
しゆう,私有,n1
しょ,諸,n1
しょう,背負う,n1
しょう,象,n1
しょう,症,n1
しょう,傷,n1
しょう,商,n1
しょうきょ,消去,n1
しょうげき,衝撃,n1
しょうげん,証言,n1
しょうこ,証拠,n1
しょうこう,消耗,n1
しょうごう,照合,n1
しょうさい,詳細,n1
しょうしん,昇進,n1
しょうすう,少数,n1
しょうする,称する,n1
しょうそく,消息,n1
しょうだく,承諾,n1
しょうちょう,象徴,n1
しょうにか,小児科,n1
しょうにん,証人,n1
しょうめい,照明,n1
しょうり,勝利,n1
しょうれい,奨励,n1
しょくいん,職員,n1
しょくみんち,植民地,n1
しょくむ,職務,n1
しょくん,諸君,n1
しょざい,所在,n1
しょしょ,所々,n1
しょじ,所持,n1
しょぞく,所属,n1
しょち,処置,n1
しょっちゅう,,n1
しょてい,所定,n1
しょとく,所得,n1
しょはん,初版,n1
しょばつ,処罰,n1
しょひょう,書評,n1
しょぶん,処分,n1
しょみん,庶民,n1
しょむ,庶務,n1
しよう,私用,n1
しよう,仕様,n1
しようにん,使用人,n1
しらべ,調べ,n1
しりあい,知り合い,n1
しりぞく,退く,n1
しりぞける,退ける,n1
しるす,記す,n1
しれい,指令,n1
しろ,代,n1
しわ,皺,n1
しん,新,n1
しんか,進化,n1
しんがり,殿,n1
しんぎ,審議,n1
しんこう,進行,n1
しんこう,新興,n1
しんこう,振興,n1
しんこく,申告,n1
しんこん,新婚,n1
しんさ,審査,n1
しんし,紳士,n1
しんしゅつ,進出,n1
しんじゃ,信者,n1
しんじゅ,真珠,n1
しんじゅう,心中,n1
しんじょう,心情,n1
しんじん,新人,n1
しんせい,神聖,n1
しんぜん,親善,n1
しんそう,真相,n1
しんちく,新築,n1
しんてい,進呈,n1
しんてん,進展,n1
しんでん,神殿,n1
しんど,進度,n1
しんどう,振動,n1
しんにゅうせい,新入生,n1
しんにん,信任,n1
しんばん,審判,n1
しんぴ,神秘,n1
しんぼう,辛抱,n1
しんり,真理,n1
しんりゃく,侵略,n1
しんりょう,診療,n1
しんろ,進路,n1
じかく,自覚,n1
じかた,地方,n1
じが,自我,n1
じき,磁気,n1
じき,磁器,n1
じぎょう,事業,n1
じぎょう,地形,n1
じく,軸,n1
じこ,自己,n1
じこう,事項,n1
じこくひょう,時刻表,n1
じごく,地獄,n1
じさ,時差,n1
じざい,自在,n1
じしゅ,自主,n1
じしゅ,自首,n1
じしょく,辞職,n1
じしん,自信,n1
じぜん,事前,n1
じそんしん,自尊心,n1
じぞく,持続,n1
じたい,字体,n1
じたい,辞退,n1
じっくり,,n1
じっしつ,実質,n1
じっせん,実践,n1
じったい,実態,n1
じっぴ,実費,n1
じっぷん,十分,n1
じつ,実,n1
じつぎょうか,実業家,n1
じつじょう,実情,n1
じてん,自転,n1
じどうし,自動詞,n1
じぬし,地主,n1
じびか,耳鼻科,n1
じもと,地元,n1
じゃく,弱,n1
じゃっかん,若干,n1
じゃり,砂利,n1
じゃんけん,じゃん拳,n1
じゅう,住,n1
じゅうぎょういん,従業員,n1
じゅうじ,従事,n1
じゅうじつ,充実,n1
じゅうじろ,十字路,n1
じゅうなん,柔軟,n1
じゅうふく,重複,n1
じゅうほう,重宝,n1
じゅうらい,従来,n1
じゅく,塾,n1
じゅもく,樹木,n1
じゅりつ,樹立,n1
じゅんきゅう,準急,n1
じゅんじる,準じる,n1
じゅんずる,準ずる,n1
じょ,助,n1
じょう,情,n1
じょう,畳,n1
じょう,尉,n1
じょう,嬢,n1
じょう,状,n1
じょうい,上位,n1
じょうえん,上演,n1
じょうか,城下,n1
じょうかく,乗客,n1
じょうくう,上空,n1
じょうし,上司,n1
じょうしょ,情緒,n1
じょうしょう,上昇,n1
じょうせい,情勢,n1
じょうねつ,情熱,n1
じょうふ,丈夫,n1
じょうほ,譲歩,n1
じょうやく,条約,n1
じょうりく,上陸,n1
じょうりゅう,蒸留,n1
じょがい,除外,n1
じょげん,助言,n1
じょこう,徐行,n1
じょし,女史,n1
じょし,助詞,n1
じょどうし,助動詞,n1
じりつ,自立,n1
じん,人,n1
じんかく,人格,n1
じんざい,人材,n1
じんそく,迅速,n1
じんたい,人体,n1
じんみん,人民,n1
じんもく,人目,n1
すいき,水気,n1
すいげん,水源,n1
すいしん,推進,n1
すいせん,水洗,n1
すいそう,吹奏,n1
すいそく,推測,n1
すいでん,水田,n1
すいり,推理,n1
すうし,数詞,n1
すうはい,崇拝,n1
すえつける,据え付ける,n1
すえる,据える,n1
すがすがしい,清々しい,n1
すぎ,過ぎ,n1
すくい,救い,n1
すくう,掬う,n1
すくなくとも,少なくとも,n1
すぐ,直ぐ,n1
すこやか,健やか,n1
すすぐ,濯ぐ,n1
すすみ,進み,n1
すすめ,勧め,n1
すそ,裾,n1
すたれる,廃れる,n1
すっぱい,酸っぱい,n1
すてき,素敵,n1
すなわち,即ち,n1
すばしこい,,n1
すばやい,素早い,n1
すます,済ます,n1
すます,澄ます,n1
すまない,済まない,n1
すみません,済みません,n1
すめらぎ,天皇,n1
すり,刷り,n1
する,剃る,n1
すれちがい,擦れ違い,n1
すれちがう,すれ違う,n1
すれる,擦れる,n1
すんなり,,n1
ずうずうしい,図々しい,n1
ずばり,,n1
ずぶぬれ,ずぶ濡れ,n1
ずらっと,,n1
ずるずる,,n1
ずれ,,n1
せい,制,n1
せい,製,n1
せいいく,生育,n1
せいか,成果,n1
せいかい,正解,n1
せいき,正規,n1
せいぎ,正義,n1
せいけい,生計,n1
せいけん,政権,n1
せいこう,精巧,n1
せいさい,制裁,n1
せいさく,政策,n1
せいさん,清算,n1
せいざ,星座,n1
せいし,生死,n1
せいし,静止,n1
せいしゅん,青春,n1
せいしょ,聖書,n1
せいじつ,誠実,n1
せいじゅく,成熟,n1
せいじゅん,清純,n1
せいじょう,正常,n1
せいする,制する,n1
せいぜん,整然,n1
せいそう,盛装,n1
せいだい,盛大,n1
せいだく,清濁,n1
せいてい,制定,n1
せいてき,静的,n1
せいてつ,製鉄,n1
せいてん,晴天,n1
せいとう,正当,n1
せいねん,成年,n1
せいふく,制服,n1
せいふく,征服,n1
せいほう,製法,n1
せいみつ,精密,n1
せいめい,声明,n1
せいめい,姓名,n1
せいやく,制約,n1
せいり,生理,n1
せいりょく,勢力,n1
せいれつ,整列,n1
せかす,急かす,n1
せがれ,伜,n1
せきむ,責務,n1
せじ,世辞,n1
せたい,世帯,n1
せだい,世代,n1
せっかい,切開,n1
せっしょく,接触,n1
せっち,設置,n1
せっちゅう,折衷,n1
せってい,設定,n1
せっとく,説得,n1
せつ,節,n1
せつじつ,切実,n1
せつぞくし,接続詞,n1
せつない,切ない,n1
せつりつ,設立,n1
せめ,攻め,n1
せろん,世論,n1
せん,仙,n1
ぜん,前,n1
せんい,繊維,n1
せんきょ,選挙,n1
せんきょう,宣教,n1
せんげん,宣言,n1
せんこう,先行,n1
せんこう,選考,n1
せんさい,戦災,n1
せんしゅう,専修,n1
せんじゅつ,戦術,n1
せんすい,潜水,n1
せんせんげつ,先先月,n1
せんせんしゅう,先先週,n1
せんだい,先代,n1
せんだって,先だって,n1
せんちゃく,先着,n1
せんてんてき,先天的,n1
せんとう,戦闘,n1
せんにゅう,潜入,n1
せんぱく,船舶,n1
せんよう,専用,n1
せんりょう,占領,n1
せんりょく,戦力,n1
ぜいむしょ,税務署,n1
ぜせい,是正,n1
ぜっぱん,絶版,n1
ぜつぼう,絶望,n1
ぜひとも,是非とも,n1
ぜん,膳,n1
ぜん,禅,n1
ぜんかい,全快,n1
ぜんせい,全盛,n1
ぜんてい,前提,n1
ぜんと,前途,n1
ぜんめつ,全滅,n1
ぜんりょう,善良,n1
ぜんれい,前例,n1
そう,僧,n1
そう,沿う,n1
そう,添う,n1
そう,総,n1
そうおう,相応,n1
そうかい,総会,n1
そうかん,創刊,n1
そうきん,送金,n1
そうこう,走行,n1
そうごう,総合,n1
そうさ,捜査,n1
そうさく,捜索,n1
そうして,然うして,n1
そうしょく,装飾,n1
そうじゅう,操縦,n1
そうぞう,創造,n1
そうだい,壮大,n1
そうどう,騒動,n1
そうなん,遭難,n1
そうば,相場,n1
そうび,装備,n1
そうりつ,創立,n1
そえる,添える,n1
そくざに,即座に,n1
そくしん,促進,n1
そくする,即する,n1
そくばく,束縛,n1
そくめん,側面,n1
そこで,其処で,n1
そこなう,損なう,n1
そこら,其処ら,n1
そざい,素材,n1
そし,阻止,n1
そして,然して,n1
そしょう,訴訟,n1
そだち,育ち,n1
そち,措置,n1
そちら,其方,n1
そっけない,素っ気ない,n1
そっちょく,率直,n1
そっぽ,外方,n1
そなえつける,備え付ける,n1
そなわる,備わる,n1
その,園,n1
そのうえ,その上,n1
そのうち,その内,n1
そのため,その為,n1
そのほか,その外,n1
そのまま,其の儘,n1
そびえる,聳える,n1
そぼく,素朴,n1
そまる,染まる,n1
そむく,背く,n1
そめる,染める,n1
そらす,逸らす,n1
そり,反り,n1
それ,其れ,n1
それから,其れから,n1
それで,其れで,n1
それでは,,n1
それでも,其れでも,n1
それとも,其れとも,n1
それに,其れに,n1
それほど,其れ程,n1
それゆえ,其れ故,n1
そろい,揃い,n1
そんしつ,損失,n1
そんぞく,存続,n1
ぞい,沿い,n1
ぞう,像,n1
ぞうきょう,増強,n1
ぞうしょう,蔵相,n1
ぞうしん,増進,n1
ぞんざい,,n1
たい,他意,n1
たいおう,対応,n1
たいか,退化,n1
たいかく,体格,n1
たいがい,大概,n1
たいがく,退学,n1
たいきん,大金,n1
たいぐう,待遇,n1
たいけつ,対決,n1
たいけん,体験,n1
たいこう,対抗,n1
たいして,対して,n1
たいしゅう,大衆,n1
たいしょ,対処,n1
たいしょく,退職,n1
たいじ,退治,n1
たいせい,態勢,n1
たいだん,対談,n1
たいとう,対等,n1
たいのう,滞納,n1
たいひ,対比,n1
たいぶ,大部,n1
たいへん,対辺,n1
たいぼう,待望,n1
たいまん,怠慢,n1
たいめん,対面,n1
たいりょく,体力,n1
たいわ,対話,n1
たえる,耐える,n1
たえる,絶える,n1
たえる,堪える,n1
たか,高,n1
たかまる,高まる,n1
たきび,焚火,n1
たくさん,沢山,n1
たくましい,逞しい,n1
たくみ,巧み,n1
たぐい,類,n1
たけ,丈,n1
たしざん,足し算,n1
たすうけつ,多数決,n1
たすけ,助け,n1
たずさわる,携わる,n1
ただよう,漂う,n1
たち,館,n1
たちかた,立方,n1
たちまち,忽ち,n1
たちよる,立ち寄る,n1
たっしゃ,達者,n1
たっせい,達成,n1
たっとい,尊い,n1
たっとい,貴い,n1
たっとぶ,尊ぶ,n1
たつ,絶つ,n1
たて,盾,n1
たてまえ,建前,n1
たてまつる,奉る,n1
たとえ,仮令,n1
たどうし,他動詞,n1
たどりつく,辿り着く,n1
たどる,辿る,n1
たなごころ,掌,n1
たのしむ,楽しむ,n1
たのみ,頼み,n1
たばこ,煙草,n1
たびたび,度々,n1
たほう,他方,n1
たぼう,多忙,n1
たまう,給う,n1
たまに,偶に,n1
たまらない,堪らない,n1
たまり,溜まり,n1
たまわる,賜る,n1
ためし,例,n1
ためらう,躊躇う,n1
たもつ,保つ,n1
たやすい,容易い,n1
たよう,多様,n1
たるみ,弛み,n1
たるむ,弛む,n1
たれ,,n1
たれる,垂れる,n1
たん,歎,n1
たん,反,n1
たんいつ,単一,n1
たんか,短歌,n1
たんか,担架,n1
たんき,短気,n1
たんけん,探検,n1
たんしゅく,短縮,n1
たんす,箪笥,n1
たんそ,炭素,n1
たんだい,短大,n1
たんちょう,単調,n1
たんどく,単独,n1
たんぱ,短波,n1
たんぱくしつ,蛋白質,n1
だい,第,n1
だいたん,大胆,n1
だいなし,台無し,n1
だいべん,大便,n1
だいべん,代弁,n1
だいほん,台本,n1
だいよう,代用,n1
だかい,打開,n1
だきょう,妥協,n1
だけ,丈,n1
だけつ,妥結,n1
だげき,打撃,n1
ださく,駄作,n1
だっしゅつ,脱出,n1
だっする,脱する,n1
だったい,脱退,n1
だぶだぶ,,n1
だます,騙す,n1
だらけ,,n1
だるい,怠い,n1
だん,壇,n1
だんけつ,団結,n1
だんげん,断言,n1
だんぜん,断然,n1
だんだん,段々,n1
だんな,旦那,n1
だんめん,断面,n1
だんりょく,弾力,n1
ちあん,治安,n1
ちかづく,近付く,n1
ちがえる,違える,n1
ちぎる,契る,n1
ちくさん,畜産,n1
ちくしょう,畜生,n1
ちくせき,蓄積,n1
ちせい,知性,n1
ちち,乳,n1
ちちはは,父母,n1
ちぢまる,縮まる,n1
ちっそく,窒息,n1
ちっとも,些とも,n1
ちつじょ,秩序,n1
ちてき,知的,n1
ちょ,著,n1
ちゃく,着,n1
ちゃくしゅ,着手,n1
ちゃくしょく,着色,n1
ちゃくせき,着席,n1
ちゃくもく,着目,n1
ちゃくりく,着陸,n1
ちゃっこう,着工,n1
ちゃのま,茶の間,n1
ちゃのゆ,茶の湯,n1
ちやほや,,n1
ちゅうかん,昼間,n1
ちゅうがえり,宙返り,n1
ちゅうけい,中継,n1
ちゅうこく,忠告,n1
ちゅうし,中指,n1
ちゅうしょう,中傷,n1
ちゅうじつ,忠実,n1
ちゅうすう,中枢,n1
ちゅうせん,抽選,n1
ちゅうだん,中断,n1
ちゅうっぱら,中っ腹,n1
ちゅうどく,中毒,n1
ちゅうにん,仲人,n1
ちゅうはん,昼飯,n1
ちゅうりつ,中立,n1
ちゅうわ,中和,n1
ちょう,腸,n1
ちょう,蝶,n1
ちょう,超,n1
ちょう,庁,n1
ちょういん,調印,n1
ちょうかく,聴覚,n1
ちょうかん,長官,n1
ちょうこう,聴講,n1
ちょうしゅう,徴収,n1
ちょうしんき,聴診器,n1
ちょうせん,挑戦,n1
ちょうだい,長大,n1
ちょうてい,調停,n1
ちょうど,恰度,n1
ちょうへん,長編,n1
ちょうめ,丁目,n1
ちょうり,調理,n1
ちょうわ,調和,n1
ちょくちょく,,n1
ちょくめん,直面,n1
ちょしょ,著書,n1
ちょちく,貯蓄,n1
ちょっかん,直感,n1
ちょっと,一寸,n1
ちょめい,著名,n1
ちらっと,,n1
ちりとり,塵取り,n1
ちりょう,治療,n1
ちんぎん,賃金,n1
ちんでん,沈殿,n1
ちんぼつ,沈没,n1
ちんもく,沈黙,n1
ちんれつ,陳列,n1
ついきゅう,追及,n1
ついせき,追跡,n1
ついで,次いで,n1
ついほう,追放,n1
ついやす,費やす,n1
ついらく,墜落,n1
つう,通,n1
つうかん,痛感,n1
つうじょう,通常,n1
つうせつ,痛切,n1
つえ,杖,n1
つかい,遣い,n1
つかいみち,使い道,n1
つかえる,仕える,n1
つかさどる,司る,n1
つかのま,束の間,n1
つき,付き,n1
つきあう,付き合う,n1
つきなみ,月並み,n1
つきる,尽きる,n1
つぎめ,継ぎ目,n1
つく,吐く,n1
つくす,尽くす,n1
つくり,作り,n1
つくり,造り,n1
つくろう,繕う,n1
つぐ,接ぐ,n1
つぐ,継ぐ,n1
つけくわえる,付け加える,n1
つげる,告げる,n1
つじつま,辻褄,n1
つっぱる,突っ張る,n1
つつ,筒,n1
つつく,突く,n1
つつしむ,慎む,n1
つてこと,伝言,n1
でんごん,伝言,n1
つとまる,勤まる,n1
つとめさき,勤め先,n1
つとめて,努めて,n1
つなみ,津波,n1
つねる,抓る,n1
つのる,募る,n1
つば,唾,n1
つぶやく,呟く,n1
つぶる,瞑る,n1
つぼ,壷,n1
つぼみ,蕾,n1
つまずく,躓く,n1
つまむ,摘む,n1
つまらない,詰らない,n1
つまり,詰まり,n1
つゆ,露,n1
つよまる,強まる,n1
つよめる,強める,n1
つらなる,連なる,n1
つらぬく,貫く,n1
つらねる,連ねる,n1
つり,釣り,n1
つりかわ,吊り革,n1
つりがね,釣鐘,n1
つるす,吊るす,n1
てあて,手当て,n1
てい,体,n1
ていきょう,提供,n1
ていぎ,定義,n1
ていけい,提携,n1
ていさい,体裁,n1
ていし,梯子,n1
ていしょく,定食,n1
ていじ,提示,n1
ていせい,訂正,n1
ていたい,停滞,n1
ていたく,邸宅,n1
ていねん,定年,n1
ていぼう,堤防,n1
ておくれ,手遅れ,n1
てかず,手数,n1
てがかり,手掛かり,n1
てがける,手掛ける,n1
てがる,手軽,n1
てき,的,n1
てきおう,適応,n1
てきぎ,適宜,n1
てきせい,適性,n1
てぎわ,手際,n1
てじゅん,手順,n1
てじょう,手錠,n1
てぢか,手近,n1
てっきり,,n1
てっこう,鉄鋼,n1
てっする,徹する,n1
てっぺん,鉄片,n1
てはい,手配,n1
てはず,手筈,n1
てびき,手引き,n1
てほん,手本,n1
てまわし,手回し,n1
てもと,手元,n1
てりかえす,照り返す,n1
てわけ,手分け,n1
てん,店,n1
てんか,点火,n1
てんかい,転回,n1
てんかん,転換,n1
てんきょ,転居,n1
てんきん,転勤,n1
てんけん,点検,n1
てんこう,転校,n1
てんごく,天国,n1
てんさい,天才,n1
てんさい,天災,n1
てんじ,展示,n1
てんじょう,天井,n1
てんじる,転じる,n1
てんせん,点線,n1
てんたい,天体,n1
てんてん,転転,n1
てんで,,n1
てんにん,転任,n1
てんぼう,展望,n1
てんらく,転落,n1
であう,出合う,n1
でいりぐち,出入り口,n1
でかい,,n1
できもの,出来物,n1
できる,出切る,n1
でくわす,出くわす,n1
でたらめ,出鱈目,n1
でなおし,出直し,n1
でんえん,田園,n1
でんげん,電源,n1
でんせつ,伝説,n1
でんせん,電線,n1
でんたつ,伝達,n1
でんらい,伝来,n1
と,,n1
といあわせる,問い合わせる,n1
といや,問屋,n1
とう,問う,n1
とう,棟,n1
とう,等,n1
とうき,陶器,n1
とうきゅう,等級,n1
とうぎ,討議,n1
とうこう,登校,n1
とうごう,統合,n1
とうさん,倒産,n1
とうし,投資,n1
とうじ,統治,n1
とうせい,統制,n1
とうせん,当選,n1
とうそう,逃走,n1
とうそつ,統率,n1
とうたつ,到達,n1
とうてい,到底,n1
とうとう,丁々,n1
とうにゅう,投入,n1
とうにん,当人,n1
とうぼう,逃亡,n1
とうみん,冬眠,n1
とうろく,登録,n1
とうろん,討論,n1
とおざかる,遠ざかる,n1
とおまわり,遠回り,n1
とおりかかる,通りかかる,n1
とかく,兎角,n1
とがめる,咎める,n1
ときおり,時折,n1
とぎれる,跡切れる,n1
とく,説く,n1
とくぎ,特技,n1
とくさん,特産,n1
とくしゅう,特集,n1
とくてん,得点,n1
とくは,特派,n1
とくゆう,特有,n1
とぐ,研ぐ,n1
とげ,刺,n1
とげる,遂げる,n1
とこ,床,n1
ところが,所が,n1
ところで,所で,n1
としごろ,年頃,n1
としより,年寄り,n1
とじまり,戸締り,n1
とじょう,途上,n1
とじる,綴じる,n1
とだえる,途絶える,n1
とっきょ,特許,n1
とっくに,疾っくに,n1
とっけん,特権,n1
とっさ,咄嗟,n1
とって,取っ手,n1
とっぱ,突破,n1
とつじょ,突如,n1
とても,迚も,n1
ととのえる,整える,n1
とどけ,届け,n1
とどこおる,滞る,n1
とどまる,止まる,n1
とどめる,留める,n1
とどめる,止める,n1
となえる,唱える,n1
とにかく,兎に角,n1
とのさま,殿様,n1
とばり,帳,n1
とびら,扉,n1
とほ,徒歩,n1
とぼしい,乏しい,n1
とみ,富,n1
とむ,富む,n1
ともかく,兎も角,n1
ともかせぎ,共稼ぎ,n1
ともしび,灯,n1
ともなう,伴う,n1
ともばたらき,共働き,n1
とらえる,捕らえる,n1
とりあえず,取りあえず,n1
とりあつかい,取り扱い,n1
とりあつかう,取り扱う,n1
とりい,鳥居,n1
とりかえ,取り替え,n1
とりくむ,取り組む,n1
とりしまり,取り締まり,n1
とりしまる,取り締まる,n1
とりしらべる,取り調べる,n1
とりたてる,取り立てる,n1
とりつぐ,取り次ぐ,n1
とりのぞく,取り除く,n1
とりひき,取り引き,n1
とりまく,取り巻く,n1
とりまぜる,取り混ぜる,n1
とりもどす,取り戻す,n1
とりよせる,取り寄せる,n1
とりわけ,取り分け,n1
とろける,蕩ける,n1
とんだ,,n1
どう,胴,n1
どう,働,n1
どう,同,n1
どうい,同意,n1
どういん,動員,n1
どうかん,同感,n1
どうき,動機,n1
どうきゅう,同級,n1
どうきょ,同居,n1
どうこう,動向,n1
どうし,同士,n1
どうし,同志,n1
どうして,如何して,n1
どうしても,如何しても,n1
どうじょう,同情,n1
どうじょう,道場,n1
どうぞよろしく,どうぞ宜しく,n1
どうちょう,同調,n1
どうてき,動的,n1
どうとう,同等,n1
どうどう,堂々,n1
どうにか,,n1
どうにゅう,導入,n1
どうふう,同封,n1
どうめい,同盟,n1
どうやら,,n1
どうよう,動揺,n1
どうりょく,動力,n1
どくさい,独裁,n1
どくしゃ,読者,n1
どくじ,独自,n1
どくせん,独占,n1
どくそう,独創,n1
どこ,何処,n1
どこか,何処か,n1
どさん,土産,n1
どだい,土台,n1
どちら,何方,n1
どて,土手,n1
どなた,何方,n1
どなる,怒鳴る,n1
どひょう,土俵,n1
どぼく,土木,n1
どれ,何れ,n1
どれどれ,何れ何れ,n1
どわすれ,度忘れ,n1
どんかん,鈍感,n1
ないかく,内閣,n1
ないし,乃至,n1
ないぞう,内臓,n1
ないぶ,内部,n1
ないらん,内乱,n1
ないりく,内陸,n1
なえ,苗,n1
なお,尚,n1
なおさら,尚更,n1
なかほど,中程,n1
ながし,流し,n1
ながなが,長々,n1
なぐる,殴る,n1
なげく,嘆く,n1
なげだす,投げ出す,n1
なごやか,和やか,n1
なごり,名残,n1
なさけ,情け,n1
なさけぶかい,情け深い,n1
なさる,為さる,n1
なじる,詰る,n1
なぜ,何故,n1
なぜなら,何故なら,n1
なだかい,名高い,n1
なだれ,雪崩,n1
なつく,懐く,n1
なづける,名付ける,n1
なにげない,何気ない,n1
なにしろ,何しろ,n1
なにとぞ,何卒,n1
なにも,何も,n1
なにより,何より,n1
なぬか,七日,n1
なふだ,名札,n1
なまぐさい,生臭い,n1
なまぬるい,生温い,n1
なまみ,生身,n1
なまり,鉛,n1
なまる,鈍る,n1
なみ,並み,n1
なめらか,滑らか,n1
なめる,嘗める,n1
なやましい,悩ましい,n1
なやます,悩ます,n1
なやみ,悩み,n1
ならし,均し,n1
ならす,慣らす,n1
ならす,馴らす,n1
ならびに,並びに,n1
なりたつ,成り立つ,n1
なるたけ,成る丈,n1
なるべく,成るべく,n1
なれ,慣れ,n1
なれなれしい,馴れ馴れしい,n1
なん,難,n1
なん,南,n1
なんか,,n1
なんだか,何だか,n1
なんだかんだ,何だかんだ,n1
なんて,何て,n1
なんと,何と,n1
なんとなく,何となく,n1
なんとも,何とも,n1
なんなり,何なり,n1
に,荷,n1
にかよう,似通う,n1
にきび,面皰,n1
にぎわう,賑わう,n1
にくい,悪い,n1
にくしみ,憎しみ,n1
にくしん,肉親,n1
にくたい,肉体,n1
にげだす,逃げ出す,n1
にしび,西日,n1
にじむ,滲む,n1
にちや,日夜,n1
にっとう,日当,n1
にづくり,荷造り,n1
になう,担う,n1
ににん,二人,n1
にもかかわらず,にも拘らず,n1
にゅうしゅ,入手,n1
にゅうしょう,入賞,n1
にゅうよく,入浴,n1
にょう,尿,n1
にわか,俄か,n1
にんしき,認識,n1
にんしん,妊娠,n1
にんじょう,人情,n1
にんむ,任務,n1
にんめい,任命,n1
ぬかす,抜かす,n1
ぬけだす,抜け出す,n1
ぬすみ,盗み,n1
ぬま,沼,n1
ね,音,n1
ねうち,値打ち,n1
ねかせる,寝かせる,n1
ねじ,捻子,n1
ねじまわし,ねじ回し,n1
ねじれる,捻じれる,n1
ねず,鼠,n1
ねたむ,妬む,n1
ねだる,強請る,n1
ねっとう,熱湯,n1
ねつい,熱意,n1
ねつりょう,熱量,n1
ねばり,粘り,n1
ねばる,粘る,n1
ねびき,値引き,n1
ねまわし,根回し,n1
ねむたい,眠たい,n1
ねる,練る,n1
ねん,念,n1
ねんかん,年鑑,n1
ねんごう,年号,n1
ねんしょう,燃焼,n1
ねんせい,年生,n1
ねんちょう,年長,n1
ねんりょう,燃料,n1
ねんりん,年輪,n1
のう,脳,n1
のうこう,農耕,n1
のうじょう,農場,n1
のうち,農地,n1
のうにゅう,納入,n1
のがす,逃す,n1
のがれる,逃れる,n1
のきなみ,軒並み,n1
のこぎり,鋸,n1
のぞましい,望ましい,n1
のぞむ,臨む,n1
のっとる,乗っ取る,n1
のどか,長閑,n1
ののしる,罵る,n1
のべ,延べ,n1
のみこむ,飲み込む,n1
のりかえ,乗り換え,n1
のりこむ,乗り込む,n1
は,刃,n1
は,派,n1
はあく,把握,n1
はい,肺,n1
はいき,廃棄,n1
はいきゅう,配給,n1
はいぐうしゃ,配偶者,n1
はいけい,拝啓,n1
はいけい,背景,n1
はいご,背後,n1
はいし,廃止,n1
はいしゃく,拝借,n1
はいじょ,排除,n1
はいすい,排水,n1
はいせん,敗戦,n1
はいち,配置,n1
はいふ,配布,n1
はいぶん,配分,n1
はいりょ,配慮,n1
はいれつ,配列,n1
はえる,映える,n1
はかい,破壊,n1
はかち,墓地,n1
はかどる,捗る,n1
はかない,果ない,n1
はかる,諮る,n1
はかる,図る,n1
はがす,剥がす,n1
はき,破棄,n1
はく,泊,n1
はくがい,迫害,n1
はくじゃく,薄弱,n1
はくじょう,白状,n1
はぐ,剥ぐ,n1
はけん,派遣,n1
はげます,励ます,n1
はげむ,励む,n1
はげる,剥げる,n1
はしら,柱,n1
はしわたし,橋渡し,n1
はじ,恥,n1
はじく,弾く,n1
はじめまして,始めまして,n1
はじらう,恥じらう,n1
はじる,恥じる,n1
はす,蓮,n1
はずむ,弾む,n1
はそん,破損,n1
はた,機,n1
はたして,果たして,n1
はたす,果たす,n1
はだし,裸足,n1
はちみつ,蜂蜜,n1
はっくつ,発掘,n1
はっせい,発生,n1
はっそく,発足,n1
はつ,初,n1
はつ,発,n1
はついく,発育,n1
はつが,発芽,n1
はつげん,発言,n1
はつびょう,発病,n1
はつみみ,初耳,n1
はて,果て,n1
はてる,果てる,n1
はなしあい,話し合い,n1
はなはだ,甚だ,n1
はなばなしい,華々しい,n1
はなびら,花びら,n1
はなやか,華やか,n1
はばむ,阻む,n1
はま,浜,n1
はまべ,浜辺,n1
はまる,填まる,n1
はみがき,歯磨,n1
はめる,填める,n1
はやす,生やす,n1
はやめる,早める,n1
はやり,流行,n1
はらだち,腹立ち,n1
はらっぱ,原っぱ,n1
はりがみ,張り紙,n1
はるか,遥か,n1
はれつ,破裂,n1
はれる,腫れる,n1
はん,班,n1
はん,判,n1
はん,版,n1
はんえい,繁栄,n1
はんかん,反感,n1
はんが,版画,n1
はんきょう,反響,n1
はんけつ,判決,n1
はんげき,反撃,n1
はんしゃ,反射,n1
はんしょく,繁殖,n1
はんじょう,繁盛,n1
はんする,反する,n1
はんてい,判定,n1
はんのう,反応,n1
はんぱ,半端,n1
はんぱつ,反発,n1
はんらん,反乱,n1
はんらん,氾濫,n1
ばいきん,黴菌,n1
ばいしょう,賠償,n1
ばいりつ,倍率,n1
ばかばかしい,馬鹿馬鹿しい,n1
ばからしい,馬鹿らしい,n1
ばくぜん,漠然,n1
ばくだん,爆弾,n1
ばくは,爆破,n1
ばくろ,暴露,n1
ばける,化ける,n1
ばち,罰,n1
ばつ,伐,n1
ばてる,,n1
ばね,発条,n1
ばらまく,散蒔く,n1
ばん,判,n1
ばん,万,n1
ばんじん,万人,n1
ばんのう,万能,n1
ばんめ,番目,n1
ひ,非,n1
ひ,費,n1
ひいては,延いては,n1
ひかえしつ,控室,n1
ひかえる,控える,n1
ひかん,悲観,n1
ひき,匹,n1
ひきあげる,引き上げる,n1
ひきいる,率いる,n1
ひきうける,引き受ける,n1
ひきおこす,引き起こす,n1
ひきさげる,引き下げる,n1
ひきずる,引きずる,n1
ひきとる,引き取る,n1
ひきわけ,引き分け,n1
ひけつ,否決,n1
ひこう,非行,n1
ひごろ,日頃,n1
ひさしい,久しい,n1
ひさしぶり,久し振り,n1
ひさん,悲惨,n1
ひしょ,秘書,n1
ひじゅう,比重,n1
ひそか,密か,n1
ひたす,浸す,n1
ひたすら,一向,n1
ひだりきき,左利き,n1
ひっかく,引っ掻く,n1
ひっかける,引っ掛ける,n1
ひっしゅう,必修,n1
ひってき,匹敵,n1
ひつじ,未,n1
ひつぜん,必然,n1
ひといき,一息,n1
ひとえ,単,n1
ひとがら,人柄,n1
ひところ,一頃,n1
ひとじち,人質,n1
ひとすじ,一筋,n1
ひとまず,一まず,n1
ひとりでに,一人でに,n1
ひどい,酷い,n1
ひどり,日取り,n1
ひな,雛,n1
ひなた,日向,n1
ひなん,非難,n1
ひなん,避難,n1
ひのまる,日の丸,n1
ひばな,火花,n1
ひび,日々,n1
ひめい,悲鳴,n1
ひゃっかじてん,百科事典,n1
ひゃっかじてん,百科辞典,n1
ひやかす,冷やかす,n1
ひやけ,日焼け,n1
ひょう,票,n1
ひょうご,標語,n1
ひょっと,,n1
ひらたい,平たい,n1
ひりつ,比率,n1
ひりょう,肥料,n1
ひれい,比例,n1
ひろう,疲労,n1
ひろまる,広まる,n1
ひんこん,貧困,n1
ひんしつ,品質,n1
ひんしゅ,品種,n1
ひんじゃく,貧弱,n1
ひんぱん,頻繁,n1
び,美,n1
びしょう,微笑,n1
びじゅつ,美術,n1
びっくり,吃驚,n1
びっしょり,,n1
びょうしゃ,描写,n1
びり,,n1
びりょう,微量,n1
びんかん,敏感,n1
びんぼう,貧乏,n1
ふ,歩,n1
ふい,不意,n1
ふう,封,n1
ふうさ,封鎖,n1
ふうしゅう,風習,n1
ふうぞく,風俗,n1
ふうど,風土,n1
ふかけつ,不可欠,n1
ふかめる,深める,n1
ふきつ,不吉,n1
ふきょう,不況,n1
ふきん,布巾,n1
ふく,福,n1
ふっきゅう,復旧,n1
ふくごう,複合,n1
ふくし,福祉,n1
ふくめん,覆面,n1
ふくれる,膨れる,n1
ふけいき,不景気,n1
ふける,老ける,n1
ふこく,布告,n1
ふごう,富豪,n1
ふさい,負債,n1
ふさわしい,相応しい,n1
ふざい,不在,n1
ふしょう,負傷,n1
ふしん,不審,n1
ふしん,不振,n1
ふじゅん,不順,n1
ふぞく,付属,n1
ふたん,負担,n1
ふちょう,不調,n1
ふっかつ,復活,n1
ふっこう,復興,n1
ふっとう,沸騰,n1
ふつ,仏,n1
ふとう,不当,n1
ふどうさん,不動産,n1
ふにん,赴任,n1
ふはい,腐敗,n1
ふひょう,不評,n1
ふびん,不便,n1
ふふく,不服,n1
ふへん,普遍,n1
ふまえる,踏まえる,n1
ふみ,文,n1
ふめい,不明,n1
ふよう,扶養,n1
ふり,振り,n1
ふりだし,振り出し,n1
ふりょう,不良,n1
ふりょく,浮力,n1
ふるわせる,震わせる,n1
ふろく,付録,n1
ふん,分,n1
ふんがい,憤慨,n1
ふんしつ,紛失,n1
ふんしゅつ,噴出,n1
ふんそう,紛争,n1
ふんだん,,n1
ふんとう,奮闘,n1
ふんまつ,粉末,n1
ぶ,部,n1
ぶか,部下,n1
ぶかぶか,,n1
ぶじょく,侮辱,n1
ぶそう,武装,n1
ぶち,斑,n1
ぶっし,物資,n1
ぶったい,物体,n1
ぶつぎ,物議,n1
ぶつける,打付ける,n1
ぶつぞう,仏像,n1
ぶなん,無難,n1
ぶもん,部門,n1
ぶらさげる,ぶら下げる,n1
ぶらぶら,,n1
ぶりょく,武力,n1
ぶれい,無礼,n1
ぶんかざい,文化財,n1
ぶんぎょう,分業,n1
ぶんご,文語,n1
ぶんさん,分散,n1
ぶんし,分子,n1
ぶんしょ,文書,n1
ぶんたん,分担,n1
ぶんぱい,分配,n1
ぶんぼ,分母,n1
ぶんり,分離,n1
ぶんれつ,分裂,n1
へいき,兵器,n1
へいこう,閉口,n1
へいこう,平行,n1
へいさ,閉鎖,n1
へいし,兵士,n1
へいじょう,平常,n1
へいほう,平方,n1
へいれつ,並列,n1
へきえき,辟易,n1
へだたる,隔たる,n1
へりくだる,謙る,n1
へる,経る,n1
へん,編,n1
へん,偏,n1
へんかく,変革,n1
へんかん,返還,n1
へんけん,偏見,n1
へんさい,返済,n1
へんせん,変遷,n1
へんとう,返答,n1
へんどう,変動,n1
べんかい,弁解,n1
べんぎ,便宜,n1
べんご,弁護,n1
べんしょう,弁償,n1
べんろん,弁論,n1
ぺこぺこ,,n1
ほ,穂,n1
ほいく,保育,n1
ほう,倣,n1
ほうあん,法案,n1
ほうかい,崩壊,n1
ほうがく,法学,n1
ほうき,放棄,n1
ほうき,宝器,n1
ほうけん,封建,n1
ほうさく,豊作,n1
ほうさく,方策,n1
ほうし,奉仕,n1
ほうしき,方式,n1
ほうしゃ,放射,n1
ほうしゃのう,放射能,n1
ほうしゅう,報酬,n1
ほうしゅつ,放出,n1
ほうじる,報じる,n1
ほうずる,報ずる,n1
ほうち,放置,n1
ほうてい,法廷,n1
ほうどう,報道,n1
ほうび,褒美,n1
ほうむる,葬る,n1
ほうりこむ,放り込む,n1
ほうりだす,放り出す,n1
ほうわ,飽和,n1
ほおん,保温,n1
ほかく,捕獲,n1
ほかん,保管,n1
ほきゅう,補給,n1
ほきょう,補強,n1
ほけん,保険,n1
ほげい,捕鯨,n1
ほこる,誇る,n1
ほころびる,綻びる,n1
ほご,保護,n1
ほし,乾,n1
ほしもの,干し物,n1
ほしゅ,保守,n1
ほしょう,保障,n1
ほしょう,補償,n1
ほじゅう,補充,n1
ほじょ,補助,n1
ほそう,舗装,n1
ほそく,補足,n1
ほっさ,発作,n1
ほっと,,n1
ほっぺた,頬っぺた,n1
ほとり,辺り,n1
ほとんど,殆ど,n1
ほどく,解く,n1
ほどこす,施す,n1
ほぼ,保母,n1
ほよう,保養,n1
ほり,捕吏,n1
ほりょ,捕虜,n1
ほろびる,滅びる,n1
ほろぼす,滅ぼす,n1
ほんかく,本格,n1
ほんかん,本館,n1
ほんき,本気,n1
ほんしつ,本質,n1
ほんたい,本体,n1
ほんね,本音,n1
ほんの,本の,n1
ほんのう,本能,n1
ほんば,本場,n1
ほんぶん,本文,n1
ほんみょう,本名,n1
ぼう,卯,n1
ぼうえい,防衛,n1
ぼうか,防火,n1
ぼうがい,妨害,n1
ぼうせき,紡績,n1
ぼうぜん,呆然,n1
ぼうちょう,膨脹,n1
ぼうとう,冒頭,n1
ぼうどう,暴動,n1
ぼうふう,暴風,n1
ぼうりょく,暴力,n1
ぼきん,募金,n1
ぼくし,牧師,n1
ぼこう,母校,n1
ぼっしゅう,没収,n1
ぼっちゃん,坊ちゃん,n1
ぼつぼつ,,n1
ぼつらく,没落,n1
ぼやく,,n1
ぼやける,,n1
まい,枚,n1
まいぞう,埋蔵,n1
まう,舞う,n1
まうえ,真上,n1
まえうり,前売り,n1
まえおき,前置き,n1
まえもって,前もって,n1
まかす,任す,n1
まかす,負かす,n1
まかなう,賄う,n1
まがる,曲がる,n1
まき,巻,n1
まぎらわしい,紛らわしい,n1
まぎれる,紛れる,n1
まく,膜,n1
まくる,捲る,n1
まこころ,真心,n1
まこと,誠,n1
まことに,真に,n1
まごつく,間誤付く,n1
まさしく,正しく,n1
まさに,正に,n1
まさる,勝る,n1
まし,増し,n1
ました,真下,n1
まして,況して,n1
まじえる,交える,n1
まじわる,交わる,n1
ますい,麻酔,n1
ますます,益々,n1
また,股,n1
またがる,跨がる,n1
またぐ,跨ぐ,n1
またたき,瞬き,n1
まちあわせ,待ち合わせ,n1
まちがう,間違う,n1
まちどおしい,待ち遠しい,n1
まちのぞむ,待ち望む,n1
まちまち,区々,n1
まっき,末期,n1
まっぷたつ,真っ二つ,n1
まと,的,n1
まとまり,纏まり,n1
まとめ,纏め,n1
まぬかれる,免れる,n1
まねき,招き,n1
まひ,麻痺,n1
まぶしい,眩しい,n1
まぶた,目蓋,n1
まま,間々,n1
まもなく,間もなく,n1
まゆ,眉,n1
まり,鞠,n1
まるごと,丸ごと,n1
まるっきり,丸っきり,n1
まるで,丸で,n1
まるまる,丸々,n1
まるめる,丸める,n1
まんげつ,満月,n1
まんじょう,満場,n1
まんまえ,真ん前,n1
まんまるい,真ん丸い,n1
み,三,n1
みあい,見合い,n1
みあわせる,見合わせる,n1
みおとす,見落とす,n1
みかい,未開,n1
みかく,味覚,n1
みかける,見掛ける,n1
みかづき,三日月,n1
みかた,見方,n1
みぐるしい,見苦しい,n1
みこみ,見込み,n1
みこん,未婚,n1
みじめ,惨め,n1
みじゅく,未熟,n1
みじん,微塵,n1
みすぼらしい,見すぼらしい,n1
みせびらかす,見せびらかす,n1
みせもの,見せ物,n1
みたす,満たす,n1
みだす,乱す,n1
みだれる,乱れる,n1
みち,未知,n1
みちびく,導く,n1
みぢか,身近,n1
みっしゅう,密集,n1
みっせつ,密接,n1
みっともない,見っともない,n1
みつ,蜜,n1
みつど,密度,n1
みつもり,見積り,n1
みてい,未定,n1
みとおし,見通し,n1
みなもと,源,n1
みなり,身なり,n1
みね,峰,n1
みのがす,見逃す,n1
みはらし,見晴らし,n1
みぶり,身振り,n1
みまい,見舞,n1
みゃく,脈,n1
みれん,未練,n1
みわたす,見渡す,n1
みんしゅ,民主,n1
みんしゅく,民宿,n1
みんぞく,民族,n1
みんぞく,民俗,n1
む,六,n1
むいみ,無意味,n1
むき,向き,n1
むくち,無口,n1
むけ,向け,n1
むこ,婿,n1
むこう,無効,n1
むごん,無言,n1
むしる,毟る,n1
むじゃき,無邪気,n1
むすび,結び,n1
むすびつき,結び付き,n1
むすびつく,結び付く,n1
むすびつける,結び付ける,n1
むせん,無線,n1
むだづかい,無駄遣い,n1
むだん,無断,n1
むち,無知,n1
むちゃ,無茶,n1
むちゃくちゃ,無茶苦茶,n1
むなしい,空しい,n1
むねん,無念,n1
むのう,無能,n1
むやみに,無闇に,n1
むよう,無用,n1
むらがる,群がる,n1
むろん,無論,n1
めいさん,名産,n1
めいしょう,名称,n1
めいちゅう,命中,n1
めいぼ,名簿,n1
めいよ,名誉,n1
めいりょう,明瞭,n1
めいろう,明朗,n1
めかた,目方,n1
めぐみ,恵み,n1
めぐむ,恵む,n1
めざましい,目覚しい,n1
めざめる,目覚める,n1
めす,召す,n1
めす,雌,n1
めちゃくちゃ,滅茶苦茶,n1
めつき,目付き,n1
めつぼう,滅亡,n1
めでたい,愛でたい,n1
めまい,目眩,n1
めもり,目盛,n1
めんかい,面会,n1
めんじょ,免除,n1
めんする,面する,n1
めんぼく,面目,n1
もうける,設ける,n1
もうしいれる,申し入れる,n1
もうしこみ,申し込み,n1
もうしで,申出,n1
もうしでる,申し出る,n1
もうしぶん,申し分,n1
もうてん,盲点,n1
もうれつ,猛烈,n1
もがく,藻掻く,n1
もくろく,目録,n1
もくろみ,目論見,n1
もけい,模型,n1
もさく,模索,n1
もし,若し,n1
もしかしたら,若しかしたら,n1
もしかして,若しかして,n1
もしかすると,若しかすると,n1
もしくは,若しくは,n1
もしも,若しも,n1
もたらす,齎らす,n1
もたれる,凭れる,n1
もち,持ち,n1
もちきり,持ち切り,n1
もったいない,物体ない,n1
もって,以て,n1
もっぱら,専ら,n1
もてなす,持て成す,n1
もてる,持てる,n1
もとい,基,n1
ものおき,物置き,n1
ものずき,物好き,n1
ものたりない,物足りない,n1
もはや,最早,n1
もはん,模範,n1
もほう,模倣,n1
もめる,揉める,n1
もも,腿,n1
もよおす,催す,n1
もらす,漏らす,n1
もりあがる,盛り上がる,n1
もる,漏る,n1
もれる,漏れる,n1
もろい,脆い,n1
もろに,諸に,n1
もん,問,n1
や,矢,n1
かな,哉,n1
やかましい,喧しい,n1
やがい,野外,n1
やがて,軈て,n1
やぎょう,夜行,n1
やくしょく,役職,n1
やくだつ,役立つ,n1
やくば,役場,n1
やぐ,夜具,n1
やさ,優,n1
やしき,屋敷,n1
やしなう,養う,n1
やしろ,社,n1
やしん,野心,n1
やすい,易い,n1
やすっぽい,安っぽい,n1
やすめる,休める,n1
やせい,野生,n1
やたら,矢鱈,n1
やちゅう,夜中,n1
やっこ,奴,n1
やっつける,やっ付ける,n1
やっぱり,矢っ張り,n1
やとう,野党,n1
やまい,病,n1
やみ,闇,n1
やむ,病む,n1
やむをえない,止むを得ない,n1
やや,稍,n1
ややこしい,,n1
やりとおす,遣り通す,n1
やりとげる,やり遂げる,n1
やわらげる,和らげる,n1
ゆうい,優位,n1
ゆううつ,憂鬱,n1
ゆうえき,有益,n1
ゆうえつ,優越,n1
ゆうかん,勇敢,n1
ゆうき,有機,n1
ゆうぐれ,夕暮れ,n1
ゆうし,融資,n1
ゆうする,有する,n1
ゆうずう,融通,n1
ゆうせい,優勢,n1
ゆうせん,優先,n1
ゆうどう,誘導,n1
ゆうび,優美,n1
ゆうぼう,有望,n1
ゆうぼく,遊牧,n1
ゆうやけ,夕焼け,n1
ゆうりょく,有力,n1
ゆうれい,幽霊,n1
ゆうわく,誘惑,n1
ゆさぶる,揺さぶる,n1
ゆでる,茹でる,n1
ゆとり,,n1
ゆびさす,指差す,n1
ゆみ,弓,n1
ゆらぐ,揺らぐ,n1
ゆるむ,緩む,n1
ゆるめる,緩める,n1
ゆるやか,緩やか,n1
よ,世,n1
よい,好い,n1
よういん,要因,n1
ようえき,溶液,n1
ようけん,用件,n1
ようご,養護,n1
ようし,用紙,n1
ようしき,様式,n1
ようする,要する,n1
ようせい,要請,n1
ようせい,養成,n1
ようそう,様相,n1
ようひん,用品,n1
ようふう,洋風,n1
ようほう,用法,n1
ようぼう,要望,n1
よか,余暇,n1
よかん,予感,n1
よきょう,余興,n1
よきん,預金,n1
よくあつ,抑圧,n1
よくしつ,浴室,n1
よくせい,抑制,n1
よくふかい,欲深い,n1
よくぼう,欲望,n1
よこす,寄越す,n1
よこづな,横綱,n1
よし,葦,n1
よしあし,善し悪し,n1
よそう,予想,n1
よそみ,余所見,n1
よち,余地,n1
よって,依って,n1
よほど,余程,n1
よっぽど,余っ程,n1
よとう,与党,n1
よびとめる,呼び止める,n1
よふかし,夜更かし,n1
よふけ,夜更け,n1
よみあげる,読み上げる,n1
よりかかる,寄り掛かる,n1
よわまる,弱まる,n1
よわめる,弱める,n1
よわる,弱る,n1
らいじょう,来場,n1
らくのう,酪農,n1
らっか,落下,n1
らっかん,楽観,n1
らんよう,濫用,n1
りくつ,理屈,n1
りこん,利根,n1
りし,利子,n1
りじゅん,利潤,n1
りせい,理性,n1
りそく,利息,n1
りったい,立体,n1
りっぽう,立法,n1
りてん,利点,n1
りゃくご,略語,n1
りゃくだつ,略奪,n1
りゅう,流,n1
りゅうつう,流通,n1
りょう,了,n1
りょう,料,n1
りょういき,領域,n1
りょうかい,了解,n1
りょうかい,領海,n1
りょうきょく,両極,n1
りょうこう,良好,n1
りょうしき,良識,n1
りょうしつ,良質,n1
りょうしょう,了承,n1
りょうしん,良心,n1
りょうち,領地,n1
りょうど,領土,n1
りょうりつ,両立,n1
りょかく,旅客,n1
りょけん,旅券,n1
りれき,履歴,n1
りろん,理論,n1
りん,輪,n1
りんぎょう,林業,n1
るいじ,類似,n1
るいすい,類推,n1
れいこく,冷酷,n1
れいぞう,冷蔵,n1
れいたん,冷淡,n1
れんあい,恋愛,n1
れんきゅう,連休,n1
れんじつ,連日,n1
れんじゅう,連中,n1
れんたい,連帯,n1
れんぽう,連邦,n1
れんめい,連盟,n1
ろうすい,老衰,n1
ろうどく,朗読,n1
ろうひ,浪費,n1
ろうりょく,労力,n1
ろくな,碌な,n1
ろくに,碌に,n1
ろこつ,露骨,n1
ろんぎ,論議,n1
ろんり,論理,n1
わ,和,n1
わがまま,我がまま,n1
わく,枠,n1
わくせい,惑星,n1
わざ,技,n1
わざと,態と,n1
わざわざ,態々,n1
わずらわしい,煩わしい,n1
わたりどり,渡り鳥,n1
わび,詫び,n1
わふう,和風,n1
わぶん,和文,n1
わら,藁,n1
わりあいに,割合に,n1
わりあて,割り当て,n1
わりこむ,割り込む,n1
わりざん,割り算,n1
わりびき,割引き,n1
わるもの,悪者,n1
アクセル,,n1
アップ,,n1
アプローチ,,n1
アマチュア,,n1
アラブ,,n1
アルカリ,亜爾加里,n1
アルミ,,n1
アワー,,n1
アンケート,,n1
アンコール,,n1
イエス,,n1
インターチェンジ,,n1
インターナショナル,,n1
インターフォン,,n1
インテリ,,n1
インフォメーション,,n1
インフレ,,n1
ウェートレス,,n1
エアメール,,n1
エレガント,,n1
エンジニア,,n1
オーケー,ＯＫ,n1
オートマチック,,n1
オープン,,n1
オリエンテーション,,n1
オレンジ,,n1
オンライン,,n1
カーペット,,n1
カクテル,,n1
カット,,n1
カテゴリー,,n1
カムバック,,n1
カメラマン,,n1
カルテ,,n1
カンニング,,n1
ガイド,,n1
ガイドブック,,n1
ガレージ,,n1
キャッチ,,n1
キャリア,,n1
クイズ,,n1
クラブ,,n1
クレーン,,n1
グラフ,,n1
グレー,,n1
ゲスト,,n1
コーナー,,n1
コマーシャル,,n1
コミュニケーション,,n1
コメント,,n1
コンタクト,,n1
コンテスト,,n1
コントラスト,,n1
コントロール,,n1
コンパス,,n1
サイクル,,n1
サイズ,,n1
サボる,,n1
サンキュー,,n1
サンタクロース,,n1
シート,,n1
システム,,n1
シック,,n1
シナリオ,,n1
ショー,,n1
ショック,,n1
ジーパン,Ｇパン,n1
ジャズ,,n1
ジャンパー,,n1
ジャンプ,,n1
ジャンボ,,n1
ジャンル,,n1
スタジオ,,n1
スチーム,,n1
ストライキ,,n1
ストレス,,n1
ストロー,,n1
ストロボ,,n1
スピード,,n1
スプリング,,n1
スペース,,n1
スポーツカー,,n1
スラックス,,n1
セール,,n1
セクション,,n1
セックス,,n1
セレモニー,,n1
センス,,n1
ゼリー,,n1
ソース,,n1
ソックス,,n1
ソロ,,n1
タイトル,,n1
タイピスト,,n1
タイマー,,n1
タイミング,,n1
タイム,,n1
タイムリー,,n1
タイヤ,,n1
タイル,,n1
タレント,,n1
タワー,,n1
ダース,打,n1
ダウン,,n1
ダブる,,n1
ダンプ,,n1
チームワーク,,n1
チェンジ,,n1
チャイム,,n1
チャンネル,,n1
ティッシュペーパー,,n1
テレックス,,n1
データ,,n1
デコレーション,,n1
デザート,,n1
デザイン,,n1
デッサン,,n1
デモンストレーション,,n1
トーン,,n1
トラブル,,n1
トランジスター,,n1
ドライ,,n1
ドライクリーニング,,n1
ドライバー,,n1
ドライブイン,,n1
ドリル,,n1
ナイター,,n1
ナプキン,,n1
ナンセンス,,n1
ニュー,,n1
ニュアンス,,n1
ネガ,,n1
ノイローゼ,,n1
ハンガー,,n1
バー,,n1
バッジ,,n1
バット,,n1
パジャマ,,n1
パチンコ,,n1
パトカー,,n1
パンク,,n1
ヒント,,n1
ビールス,,n1
ビジネス,,n1
ファイト,,n1
ファイル,,n1
ファン,,n1
フィルター,,n1
フェリー,,n1
フォーム,,n1
フロント,,n1
ブーツ,,n1
ブーム,,n1
ブザー,,n1
ブルー,,n1
ベース,,n1
ベスト,,n1
ベストセラー,,n1
ペア,,n1
ホース,,n1
ホール,,n1
ボイコット,,n1
ボルト,,n1
ポーズ,,n1
ポイント,,n1
ポジション,,n1
ポット,,n1
ポンプ,,n1
マーク,,n1
マスコミ,,n1
マッサージ,,n1
ミスプリント,,n1
ミセス,,n1
ミュージック,,n1
ムード,,n1
メーカー,,n1
メッセージ,,n1
メディア,,n1
メロディー,,n1
モーテル,,n1
モニター,,n1
ヤング,,n1
ユニーク,,n1
ユニフォーム,,n1
ライス,,n1
ラベル,,n1
ランプ,,n1
ルーズ,,n1
ルール,,n1
レース,,n1
レギュラー,,n1
レクリエーション,,n1
レッスン,,n1
レディー,,n1
レバー,,n1
レンジ,,n1
レンタカー,,n1
レントゲン,,n1
ロープ,,n1
ローマじ,ローマ字,n1
ロマンチック,,n1
ワット,,n1
あいかわらず,,n2
アイデア,,n2
アイディア,,n2
あいまい,曖昧,n2
あう,遭う,n2
あおぐ,扇ぐ,n2
あおじろい,青白い,n2
あかんぼう,,n2
あき,明き,n2
あきれる,,n2
アクセント,,n2
あくび,欠伸,n2
あくまで,飽くまで,n2
あけがた,明け方,n2
あげる,揚げる,n2
あげる,挙げる,n2
あこがれる,憧れる,n2
あしあと,足跡,n2
あじわう,味わう,n2
あずかる,預かる,n2
あたたまる,暖まる,n2
あたためる,暖める,n2
あたりまえ,,n2
あちらこちら,,n2
あつかましい,厚かましい,n2
あっしゅく,圧縮,n2
あてな,宛名,n2
あてはまる,,n2
あてはめる,,n2
あばれる,暴れる,n2
あぶら,脂,n2
あぶる,,n2
あふれる,,n2
あまど,雨戸,n2
あまやかす,甘やかす,n2
あまる,余る,n2
あみもの,編物,n2
あむ,編む,n2
あやうい,危うい,n2
あやしい,怪しい,n2
あらい,荒い,n2
あらい,粗い,n2
あらすじ,,n2
あらそう,争う,n2
あらためて,改めて,n2
あらためる,改める,n2
あらわす,著す,n2
ありがたい,有難い,n2
ある,在る,n2
あれこれ,,n2
あわただしい,,n2
あわてる,,n2
あんい,安易,n2
あんがい,案外,n2
アンテナ,,n2
いいだす,言い出す,n2
いいつける,言い付ける,n2
いぎ,意義,n2
いきいき,生き生き,n2
いきなり,,n2
いくじ,育児,n2
いくぶん,幾分,n2
いけばな,生け花,n2
いご,以後,n2
いこう,以降,n2
イコール,,n2
いさましい,勇ましい,n2
いしょくじゅう,衣食住,n2
いじわる,意地悪,n2
いちいち,,n2
いちおう,一応,n2
いちだん,一段,n2
いちりゅう,一流,n2
いつ,佚,n2
いっさくじつ,一昨日,n2
いっさくねん,一昨年,n2
いっせい,一斉,n2
いったん,一旦,n2
いってい,一定,n2
いってらっしゃい,,n2
いってまいります,,n2
いつのまにか,,n2
いてん,移転,n2
いど,井戸,n2
いど,緯度,n2
いとこ,従姉妹,n2
いばる,威張る,n2
いやがる,嫌がる,n2
いよいよ,,n2
いる,煎る,n2
いる,炒る,n2
いれもの,入れ物,n2
インキ,,n2
インタビュー,,n2
いんりょく,引力,n2
ウーマン,,n2
ウール,,n2
ウエートレス,,n2
うえき,植木,n2
うえる,飢える,n2
うかぶ,浮ぶ,n2
うかべる,浮かべる,n2
うく,浮く,n2
うけたまわる,承る,n2
うけとり,受取,n2
うけもつ,受け持つ,n2
うすぐらい,薄暗い,n2
うすめる,薄める,n2
うちあわせ,打合せ,n2
うちけす,打ち消す,n2
うつ,討つ,n2
うっかり,,n2
うつす,映す,n2
うつる,写る,n2
うつる,映る,n2
うどん,,n2
うむ,有無,n2
うめる,埋める,n2
うやまう,敬う,n2
うらがえす,裏返す,n2
うらぐち,裏口,n2
うらなう,占う,n2
うらみ,恨み,n2
うらむ,恨む,n2
うらやましい,羨ましい,n2
うらやむ,羨む,n2
うりあげ,売上,n2
うりきれ,売り切れ,n2
うりきれる,売り切れる,n2
うれゆき,売行き,n2
うろうろ,,n2
うんが,運河,n2
うんと,,n2
えいぶん,英文,n2
えいわ,英和,n2
ええと,,n2
えきたい,液体,n2
エチケット,,n2
えのぐ,絵の具,n2
エプロン,,n2
えらい,偉い,n2
えんかい,宴会,n2
えんげい,園芸,n2
えんげき,演劇,n2
えんしゅう,円周,n2
えんそく,遠足,n2
えんちょう,延長,n2
えんとつ,煙突,n2
おいかける,追い掛ける,n2
おいこす,追い越す,n2
オイル,,n2
おうえん,応援,n2
おうじょ,王女,n2
おうずる,応ずる,n2
おうせつ,応接,n2
おうたい,応対,n2
おうふく,往復,n2
おうべい,欧米,n2
おうよう,応用,n2
オーケストラ,,n2
おおざっぱ,,n2
おおどおり,大通り,n2
オートメーション,,n2
オーバーコート,,n2
おおよそ,大凡,n2
おかえり,お帰り,n2
おかけください,,n2
おかげさまで,,n2
おかず,,n2
おがむ,拝む,n2
おかわり,お代わり,n2
おぎなう,補う,n2
おきのどくに,,n2
おくがい,屋外,n2
おくさん,,n2
おくりがな,送り仮名,n2
げんきでね,元気でね,n2
おこたる,怠る,n2
おさえる,押える,n2
おさきに,,n2
おさめる,納める,n2
おさめる,治める,n2
おしい,惜しい,n2
おじぎ,御辞儀,n2
おじさん,伯父さん,n2
おじさん,小父さん,n2
おじさん,叔父さん,n2
おしゃれ,,n2
おじゃまします,,n2
おそわる,教わる,n2
おだいじに,,n2
おちつく,落着く,n2
みたらし,御手洗,n2
おでかけ,お出掛け,n2
おてつだいさん,お手伝いさん,n2
おどかす,,n2
おとしもの,落し物,n2
おととい,,n2
おととし,,n2
おとなしい,,n2
おどろかす,驚かす,n2
おねがいします,,n2
おのおの,各々,n2
おばさん,叔母さん,n2
おはよう,,n2
おまいり,お参り,n2
おまたせしました,,n2
おまちどおさま,,n2
おめでたい,,n2
おもいがけない,思い掛けない,n2
おもいこむ,思い込む,n2
おもいっきり,思いっ切り,n2
おもいつく,思い付く,n2
おもたい,重たい,n2
おやすみ,,n2
おやつ,,n2
おやゆび,親指,n2
オルガン,,n2
おろす,卸す,n2
おんけい,恩恵,n2
おんしつ,温室,n2
おんせん,温泉,n2
おんたい,温帯,n2
おんちゅう,御中,n2
おんなのひと,女の人,n2
か,蚊,n2
カーブ,,n2
かい,貝,n2
かいかい,開会,n2
かいかん,会館,n2
かいさつ,改札,n2
かいさん,解散,n2
かいすいよく,海水浴,n2
かいすう,回数,n2
かいすうけん,回数券,n2
かいせい,改正,n2
かいせい,快晴,n2
かいせつ,解説,n2
かいぞう,改造,n2
かいつう,開通,n2
かいてん,回転,n2
かいとう,解答,n2
かいとう,回答,n2
がいぶ,外部,n2
かいほう,解放,n2
かいほう,開放,n2
かいよう,海洋,n2
がいろん,概論,n2
かえす,帰す,n2
かえって,却って,n2
かえる,代える,n2
かえる,反る,n2
かおく,家屋,n2
かかわる,係わる,n2
かきとめ,書留,n2
かきとり,書取,n2
かきね,垣根,n2
かく,掻く,n2
かぐ,嗅ぐ,n2
かくう,架空,n2
かくじ,各自,n2
かくじゅう,拡充,n2
がくじゅつ,学術,n2
かくち,各地,n2
かくちょう,拡張,n2
かくど,角度,n2
がくねん,学年,n2
がくぶ,学部,n2
かくべつ,格別,n2
かくりつ,確率,n2
がくりょく,学力,n2
かけざん,掛け算,n2
かけつ,可決,n2
かこう,火口,n2
かこう,下降,n2
かさなる,重なる,n2
かさねる,重ねる,n2
かざり,飾り,n2
かざん,火山,n2
かしこまりました,,n2
かしだし,貸し出し,n2
かしつ,過失,n2
かじつ,果実,n2
かしま,貸間,n2
かしや,貸家,n2
かしょ,個所,n2
かじょう,過剰,n2
かじる,,n2
かぜい,課税,n2
かせん,下線,n2
カセット,,n2
かそく,加速,n2
かそくど,加速度,n2
かたかな,片仮名,n2
かたづく,片付く,n2
かたまり,塊,n2
かたまる,固まる,n2
かたみち,片道,n2
かたむく,傾く,n2
かたよる,片寄る,n2
がっか,学科,n2
がっかい,学会,n2
がっき,楽器,n2
がっきゅう,学級,n2
かつぐ,担ぐ,n2
かっこ,括弧,n2
かつじ,活字,n2
かつやく,活躍,n2
かつりょく,活力,n2
かてい,仮定,n2
かてい,過程,n2
かてい,課程,n2
かな,仮名,n2
かなづかい,仮名遣い,n2
かね,鐘,n2
かねつ,加熱,n2
かねる,兼ねる,n2
カバー,,n2
かはんすう,過半数,n2
かぶせる,被せる,n2
かま,釜,n2
かみくず,紙屑,n2
かみさま,神様,n2
かみそり,剃刀,n2
ガム,,n2
かもつ,貨物,n2
かゆい,,n2
かよう,歌謡,n2
から,殻,n2
カラー,,n2
からかう,,n2
からっぽ,空っぽ,n2
かるた,,n2
かれる,枯れる,n2
カロリー,,n2
かわいがる,,n2
かわかす,乾かす,n2
かわく,渇く,n2
かわせ,為替,n2
かわら,瓦,n2
かわる,代る,n2
かんかく,間隔,n2
かんき,換気,n2
かんげき,感激,n2
かんさい,関西,n2
かんしょう,鑑賞,n2
かんずる,感ずる,n2
かんせつ,間接,n2
かんそう,乾燥,n2
かんそう,感想,n2
かんそく,観測,n2
かんたい,寒帯,n2
かんちょう,官庁,n2
かんちがい,勘違い,n2
かんづめ,缶詰,n2
かんでんち,乾電池,n2
かんとう,関東,n2
かんねん,観念,n2
かんぱい,乾杯,n2
かんばん,看板,n2
かんびょう,看病,n2
かんむり,冠,n2
かんわ,漢和,n2
きあつ,気圧,n2
きかい,器械,n2
きがえ,着替え,n2
きかんしゃ,機関車,n2
ききん,飢饉,n2
きぐ,器具,n2
きげん,期限,n2
きごう,記号,n2
きざむ,刻む,n2
ぎしき,儀式,n2
きじゅん,基準,n2
きじゅん,規準,n2
きしょう,起床,n2
きせる,着せる,n2
きそ,基礎,n2
きたい,気体,n2
きち,基地,n2
きっかけ,,n2
ぎっしり,,n2
きばん,基盤,n2
きゃくせき,客席,n2
きゃくま,客間,n2
ギャング,,n2
キャンパス,,n2
きゅうぎょう,休業,n2
きゅうこう,休講,n2
きゅうそく,休息,n2
きゅうよ,給与,n2
きゅうよう,休養,n2
きよい,清い,n2
きょうか,強化,n2
きょうかい,境界,n2
ぎょうじ,行事,n2
きょうしゅく,恐縮,n2
きょうよう,教養,n2
ぎょうれつ,行列,n2
ぎょぎょう,漁業,n2
きょくせん,曲線,n2
きりつ,規律,n2
きる,斬る,n2
きをつける,気を付ける,n2
きんぎょ,金魚,n2
くいき,区域,n2
ぐうすう,偶数,n2
くうそう,空想,n2
くうちゅう,空中,n2
クーラー,,n2
くぎ,釘,n2
くぎる,区切る,n2
くし,櫛,n2
くしゃみ,,n2
くじょう,苦情,n2
くしん,苦心,n2
くず,屑,n2
くずす,崩す,n2
くすりゆび,薬指,n2
くずれる,崩れる,n2
くだく,砕く,n2
くだける,砕ける,n2
くたびれる,,n2
くだらない,,n2
くだる,下る,n2
くちびる,唇,n2
くちべに,口紅,n2
くっつく,,n2
くっつける,,n2
くどい,,n2
くとうてん,句読点,n2
くばる,配る,n2
くふう,工夫,n2
くぶん,区分,n2
くみあわせ,組合せ,n2
くみたてる,組み立てる,n2
くむ,汲む,n2
くむ,酌む,n2
くやしい,悔しい,n2
くやむ,悔やむ,n2
クリーニング,,n2
くるむ,,n2
くれぐれも,,n2
くわえる,咥える,n2
ぐん,郡,n2
けいこ,稽古,n2
けいご,敬語,n2
けいこうとう,蛍光灯,n2
けいしき,形式,n2
けいぞく,継続,n2
けいと,毛糸,n2
けいど,経度,n2
けいとう,系統,n2
げいのう,芸能,n2
けいば,競馬,n2
けいび,警備,n2
けいようし,形容詞,n2
けいようどうし,形容動詞,n2
げか,外科,n2
けがわ,毛皮,n2
げきぞう,激増,n2
げしゃ,下車,n2
げじゅん,下旬,n2
げすい,下水,n2
けずる,削る,n2
けた,桁,n2
げた,下駄,n2
けつあつ,血圧,n2
けつえき,血液,n2
げっきゅう,月給,n2
けっさく,傑作,n2
げつまつ,月末,n2
けはい,気配,n2
げひん,下品,n2
けむい,煙い,n2
ける,蹴る,n2
けわしい,険しい,n2
けんがく,見学,n2
けんきょ,謙虚,n2
げんこう,原稿,n2
げんさん,原産,n2
げんし,原始,n2
けんしゅう,研修,n2
げんじゅう,厳重,n2
けんそん,謙遜,n2
けんちょう,県庁,n2
げんど,限度,n2
げんに,現に,n2
けんびきょう,顕微鏡,n2
げんり,原理,n2
げんりょう,原料,n2
ご,碁,n2
こいしい,恋しい,n2
こう,請う,n2
こういん,工員,n2
ごういん,強引,n2
こうがい,公害,n2
こうきゅう,高級,n2
こうきょう,公共,n2
こうげい,工芸,n2
こうこう,孝行,n2
こうさ,交差,n2
こうし,講師,n2
こうじ,工事,n2
こうしき,公式,n2
こうじつ,口実,n2
こうして,,n2
こうしゃ,校舎,n2
こうしゅう,公衆,n2
こうすい,香水,n2
こうせい,公正,n2
こうせき,功績,n2
こうせん,光線,n2
こうそう,高層,n2
こうぞう,構造,n2
こうたい,交替,n2
こうち,耕地,n2
こうつうきかん,交通機関,n2
こうてい,校庭,n2
こうてい,肯定,n2
こうど,高度,n2
こうとう,高等,n2
ごうどう,合同,n2
こうはい,後輩,n2
こうひょう,公表,n2
こうぶつ,鉱物,n2
こうむ,公務,n2
こうもく,項目,n2
こうよう,紅葉,n2
ごうり,合理,n2
こうりゅう,交流,n2
ごうりゅう,合流,n2
こうりょく,効力,n2
こえる,超える,n2
コース,,n2
コーラス,,n2
こがす,焦がす,n2
こくおう,国王,n2
こくせき,国籍,n2
こくりつ,国立,n2
ごくろうさま,,n2
こげる,焦げる,n2
こごえる,凍える,n2
こころあたり,心当たり,n2
こころえる,心得る,n2
こしかけ,腰掛け,n2
こしかける,腰掛ける,n2
ごじゅうおん,五十音,n2
こしょう,胡椒,n2
こしらえる,,n2
こす,超す,n2
こする,擦る,n2
こたい,個体,n2
ごちそう,御馳走,n2
ごちそうさま,,n2
こちらこそ,,n2
こづかい,小遣い,n2
コック,,n2
こっそり,,n2
こてん,古典,n2
こと,琴,n2
ことづける,言付ける,n2
ことばづかい,言葉遣い,n2
こないだ,,n2
ごぶさた,御無沙汰,n2
こぼす,,n2
こぼれる,零れる,n2
ゴム,,n2
ごめん,御免,n2
ごめんください,,n2
こゆび,小指,n2
こらえる,,n2
ごらく,娯楽,n2
ごらん,御覧,n2
コレクション,,n2
ころがす,転がす,n2
ころがる,転がる,n2
こん,紺,n2
コンクール,,n2
コンクリート,,n2
こんごう,混合,n2
コンセント,,n2
こんだて,献立,n2
こんばんは,,n2
サークル,,n2
ざいがく,在学,n2
さいさん,再三,n2
さいじつ,祭日,n2
さいそく,催促,n2
さいてん,採点,n2
さいなん,災難,n2
さいほう,裁縫,n2
ざいもく,材木,n2
サイレン,,n2
さかさ,逆さ,n2
さかさま,逆様,n2
さがす,捜す,n2
さかのぼる,遡る,n2
さかば,酒場,n2
さきおととい,,n2
さきほど,先程,n2
さく,裂く,n2
さくいん,索引,n2
さくしゃ,作者,n2
さくじょ,削除,n2
さくせい,作成,n2
さくせい,作製,n2
さぐる,探る,n2
ささやく,囁く,n2
ささる,刺さる,n2
さじ,匙,n2
ざしき,座敷,n2
さしつかえ,差し支え,n2
さしひき,差し引き,n2
さしみ,刺身,n2
さす,刺す,n2
さす,挿す,n2
さす,注す,n2
さす,射す,n2
さすが,流石,n2
さつえい,撮影,n2
ざつおん,雑音,n2
さっさと,,n2
さっそく,早速,n2
さび,錆,n2
さびる,錆びる,n2
ざぶとん,座布団,n2
さます,冷ます,n2
さまたげる,妨げる,n2
さめる,冷める,n2
さようなら,,n2
さらいげつ,再来月,n2
さらいしゅう,再来週,n2
さらいねん,再来年,n2
サラリーマン,,n2
さわがしい,騒がしい,n2
さわやか,,n2
さんかく,三角,n2
さんすう,算数,n2
さんせい,酸性,n2
さんち,産地,n2
サンプル,,n2
さんりん,山林,n2
しあがる,仕上がる,n2
しあさって,,n2
シーズン,,n2
シーツ,,n2
じいん,寺院,n2
しいん,,n2
じえい,自衛,n2
しおからい,塩辛い,n2
しかい,司会,n2
しかく,四角,n2
しかくい,四角い,n2
じかんわり,時間割,n2
しき,四季,n2
しきち,敷地,n2
しきゅう,至急,n2
しく,敷く,n2
しげる,茂る,n2
じさん,持参,n2
じしゃく,磁石,n2
ししゃごにゅう,四捨五入,n2
しじゅう,始終,n2
じしゅう,自習,n2
しずまる,静まる,n2
しせい,姿勢,n2
しぜんかがく,自然科学,n2
じそく,時速,n2
しそん,子孫,n2
したい,死体,n2
したがき,下書き,n2
したまち,下町,n2
じち,自治,n2
じっかん,実感,n2
しっけ,湿気,n2
しっき,湿気,n2
しつこい,,n2
じっしゅう,実習,n2
じっせき,実績,n2
しつど,湿度,n2
しっぴつ,執筆,n2
じつぶつ,実物,n2
しっぽ,,n2
じつよう,実用,n2
じつりょく,実力,n2
じつれい,実例,n2
しつれん,失恋,n2
してい,指定,n2
してつ,私鉄,n2
じどう,児童,n2
しばる,縛る,n2
じばん,地盤,n2
しびれる,,n2
しへい,紙幣,n2
しぼむ,,n2
しぼる,絞る,n2
しま,縞,n2
じみ,地味,n2
しみじみ,,n2
しめい,氏名,n2
しめきり,締切,n2
しめきる,締め切る,n2
しめる,湿る,n2
ジャーナリスト,,n2
しゃかいかがく,社会科学,n2
しゃがむ,,n2
じゃぐち,蛇口,n2
じゃくてん,弱点,n2
しゃこ,車庫,n2
しゃしょう,車掌,n2
しゃせい,写生,n2
しゃせつ,社説,n2
しゃっくり,,n2
シャッター,,n2
しゃぶる,,n2
しゃりん,車輪,n2
しゃれ,洒落,n2
じゃんけん,,n2
しゅうかい,集会,n2
じゅうきょ,住居,n2
しゅうきん,集金,n2
しゅうごう,集合,n2
しゅうじ,習字,n2
しゅうぜん,修繕,n2
じゅうたい,重体,n2
じゅうたん,絨毯,n2
しゅうてん,終点,n2
じゅうてん,重点,n2
しゅうにん,就任,n2
しゅうへん,周辺,n2
じゅうやく,重役,n2
しゅうりょう,終了,n2
じゅうりょう,重量,n2
じゅうりょく,重力,n2
じゅくご,熟語,n2
しゅくじつ,祝日,n2
しゅくしょう,縮小,n2
じゅけん,受験,n2
しゅご,主語,n2
しゅっきん,出勤,n2
じゅつご,述語,n2
しゅっちょう,出張,n2
じゅみょう,寿命,n2
しゅやく,主役,n2
じゅわき,受話器,n2
じゅんかん,循環,n2
じゅんさ,巡査,n2
じゅんじゅん,順々,n2
じゅんじょ,順序,n2
じゅんじょう,純情,n2
じゅんすい,純粋,n2
しょうか,消化,n2
しょうがくせい,小学生,n2
しょうがない,,n2
しょうぎ,将棋,n2
じょうき,蒸気,n2
じょうぎ,定規,n2
じょうきゅう,上級,n2
しょうぎょう,商業,n2
しょうきょくてき,消極的,n2
しょうきん,賞金,n2
じょうげ,上下,n2
しょうじ,障子,n2
しょうしゃ,商社,n2
じょうしゃ,乗車,n2
じょうじゅん,上旬,n2
しょうずる,生ずる,n2
しょうすう,小数,n2
しょうてん,商店,n2
しょうてん,焦点,n2
しょうどく,消毒,n2
しょうはい,勝敗,n2
じょうはつ,蒸発,n2
しょうひん,賞品,n2
しょうぶ,勝負,n2
しょうべん,小便,n2
しょうぼうしょ,消防署,n2
しょうみ,正味,n2
しょうめん,正面,n2
しょうもう,消耗,n2
しょうゆ,醤油,n2
しょうりゃく,省略,n2
しょきゅう,初級,n2
じょきょうじゅ,助教授,n2
しょくえん,食塩,n2
しょくにん,職人,n2
しょじゅん,初旬,n2
しょせき,書籍,n2
しょっき,食器,n2
ショップ,,n2
しょてん,書店,n2
しょどう,書道,n2
しらが,白髪,n2
しりあい,知合い,n2
シリーズ,,n2
しりつ,私立,n2
しりょう,資料,n2
しる,汁,n2
しろうと,素人,n2
しん,芯,n2
しんかんせん,新幹線,n2
しんくう,真空,n2
しんずる,信ずる,n2
しんしん,心身,n2
しんせい,申請,n2
じんぞう,人造,n2
しんだい,寝台,n2
しんだん,診断,n2
しんにゅう,侵入,n2
じんぶんかがく,人文科学,n2
じんめい,人命,n2
しんや,深夜,n2
しんりん,森林,n2
しんるい,親類,n2
しんろ,針路,n2
しんわ,神話,n2
す,酢,n2
すいさん,水産,n2
すいじ,炊事,n2
すいじょうき,水蒸気,n2
すいそ,水素,n2
すいちょく,垂直,n2
すいてい,推定,n2
すいてき,水滴,n2
すいとう,水筒,n2
ずいひつ,随筆,n2
すいぶん,水分,n2
すいへい,水平,n2
すいへいせん,水平線,n2
すいよう,水曜,n2
ずうずうしい,,n2
ずうっと,,n2
すえっこ,末っ子,n2
スカーフ,,n2
ずかん,図鑑,n2
すぎ,杉,n2
すききらい,好き嫌い,n2
すきずき,好き好き,n2
すきとおる,透き通る,n2
すきま,隙間,n2
スクール,,n2
すくなくとも,,n2
ずけい,図形,n2
スケジュール,,n2
すず,鈴,n2
すずむ,涼む,n2
スタート,,n2
スチュワーデス,,n2
すっきり,,n2
すっぱい,,n2
ステージ,,n2
すてる,棄てる,n2
ストッキング,,n2
ストップ,,n2
すなお,素直,n2
ずのう,頭脳,n2
スピーカー,,n2
ずひょう,図表,n2
スマート,,n2
すまい,住まい,n2
すまない,,n2
すみ,墨,n2
すむ,澄む,n2
すむ,清む,n2
すもう,相撲,n2
スライド,,n2
ずらす,,n2
ずらり,,n2
する,刷る,n2
ずるい,狡い,n2
すれちがう,,n2
ずれる,,n2
すんぽう,寸法,n2
せい,姓,n2
ぜいかん,税関,n2
せいさく,製作,n2
せいさく,制作,n2
せいしつ,性質,n2
せいしょ,清書,n2
せいしょうねん,青少年,n2
せいすう,整数,n2
せいそう,清掃,n2
せいぞん,生存,n2
せいちょう,生長,n2
せいとう,政党,n2
せいねんがっぴ,生年月日,n2
せいのう,性能,n2
せいび,整備,n2
せいぶん,成分,n2
せいべつ,性別,n2
せいほうけい,正方形,n2
せいもん,正門,n2
せいりつ,成立,n2
せいれき,西暦,n2
せおう,背負う,n2
せきどう,赤道,n2
せっかく,折角,n2
せっきん,接近,n2
せっする,接する,n2
せっせと,,n2
せつぞく,接続,n2
せともの,瀬戸物,n2
ぜひとも,,n2
せまる,迫る,n2
ゼミ,,n2
せめて,,n2
せめる,攻める,n2
セメント,,n2
せん,栓,n2
ぜんご,前後,n2
せんざい,洗剤,n2
ぜんしゅう,全集,n2
ぜんしん,全身,n2
せんす,扇子,n2
せんせい,専制,n2
せんせんげつ,先々月,n2
せんせんしゅう,先々週,n2
せんぞ,先祖,n2
せんたん,先端,n2
センチ,,n2
せんでん,宣伝,n2
せんとう,先頭,n2
ぜんぱん,全般,n2
せんぷうき,扇風機,n2
せんろ,線路,n2
そうい,相違,n2
そういえば,,n2
ぞうきん,雑巾,n2
ぞうげん,増減,n2
そうこ,倉庫,n2
そうご,相互,n2
そうさく,創作,n2
そうしき,葬式,n2
ぞうせん,造船,n2
そうぞうしい,騒々しい,n2
ぞうだい,増大,n2
そうっと,,n2
そうべつ,送別,n2
ぞうり,草履,n2
そうりだいじん,総理大臣,n2
そうりょう,送料,n2
ぞくする,属する,n2
ぞくぞく,続々,n2
そくたつ,速達,n2
そくてい,測定,n2
そくりょう,測量,n2
そくりょく,速力,n2
そしつ,素質,n2
そせん,祖先,n2
そそっかしい,,n2
そっちょく,卒直,n2
そなえる,具える,n2
そのうえ,,n2
そのころ,,n2
そのため,,n2
そのほか,,n2
そば,蕎麦,n2
そる,剃る,n2
それなのに,,n2
それる,逸れる,n2
そろう,揃う,n2
そろえる,揃える,n2
そろばん,算盤,n2
ぞんじる,存じる,n2
ぞんずる,存ずる,n2
そんとく,損得,n2
たんぼ,田ぼ,n2
だいいち,第一,n2
だいがくいん,大学院,n2
だいく,大工,n2
たいけい,体系,n2
たいこ,太鼓,n2
たいさく,対策,n2
たいして,大して,n2
たいしょう,対照,n2
だいしょう,大小,n2
たいせい,体制,n2
たいせき,体積,n2
たいそう,大層,n2
たいそう,体操,n2
だいぶん,大分,n2
たいぼく,大木,n2
だいめい,題名,n2
だいめいし,代名詞,n2
タイア,,n2
ダイヤグラム,,n2
ダイヤモンド,,n2
ダイヤル,,n2
たいりつ,対立,n2
たうえ,田植え,n2
たえず,絶えず,n2
だえん,楕円,n2
たかめる,高める,n2
たがやす,耕す,n2
たき,滝,n2
たく,炊く,n2
たく,焚く,n2
たくわえる,蓄える,n2
たけ,竹,n2
たすかる,助かる,n2
ただし,但し,n2
たたむ,畳む,n2
たちどまる,立ち止まる,n2
たちまち,,n2
たつ,建つ,n2
たつ,発つ,n2
だっせん,脱線,n2
だとう,妥当,n2
たとえる,例える,n2
たのもしい,頼もしい,n2
たび,足袋,n2
ダブル,,n2
だます,,n2
たまる,溜まる,n2
ダム,,n2
ためいき,溜息,n2
ためらう,,n2
ためる,溜める,n2
だらしない,,n2
たる,足る,n2
だんかい,段階,n2
たんき,短期,n2
たんこう,炭鉱,n2
たんしょ,短所,n2
たんす,,n2
たんすい,淡水,n2
だんすい,断水,n2
たんすう,単数,n2
だんち,団地,n2
だんてい,断定,n2
たんぺん,短編,n2
ちかう,誓う,n2
ちかすい,地下水,n2
ちかぢか,近々,n2
ちかづける,近付ける,n2
ちかよる,近寄る,n2
ちからづよい,力強い,n2
ちぎる,千切る,n2
ちしつ,地質,n2
ちじん,知人,n2
ちたい,地帯,n2
ちぢむ,縮む,n2
ちぢめる,縮める,n2
ちぢれる,縮れる,n2
チップ,,n2
ちてん,地点,n2
ちめい,地名,n2
ちゃいろい,茶色い,n2
ちゃくちゃく,着々,n2
ちゃわん,茶碗,n2
ちゅうかん,中間,n2
ちゅうじゅん,中旬,n2
ちゅうしょう,抽象,n2
ちゅうせい,中世,n2
ちゅうせい,中性,n2
ちゅうと,中途,n2
ちゅうねん,中年,n2
ちょうか,超過,n2
ちょうこく,彫刻,n2
ちょうしょ,長所,n2
ちょうじょ,長女,n2
ちょうせい,調整,n2
ちょうせつ,調節,n2
ちょうたん,長短,n2
ちょうてん,頂点,n2
ちょうなん,長男,n2
ちょうほうけい,長方形,n2
ちょうみりょう,調味料,n2
チョーク,,n2
ちょくご,直後,n2
ちょくせん,直線,n2
ちょくぜん,直前,n2
ちょくつう,直通,n2
ちょくりゅう,直流,n2
ちょぞう,貯蔵,n2
ちょっかく,直角,n2
ちょっけい,直径,n2
ちらかす,散らかす,n2
ちらかる,散らかる,n2
ちらす,散らす,n2
ちりがみ,塵紙,n2
ちる,散る,n2
ついか,追加,n2
ついで,序で,n2
つうか,通貨,n2
つうきん,通勤,n2
つうずる,通ずる,n2
つうち,通知,n2
つうちょう,通帳,n2
つうやく,通訳,n2
つうよう,通用,n2
つうろ,通路,n2
つきあう,付合う,n2
つきあたり,突き当たり,n2
つきあたる,突き当たる,n2
つきひ,月日,n2
つく,点く,n2
つく,突く,n2
つぐ,次ぐ,n2
つくる,造る,n2
つける,着ける,n2
つける,点ける,n2
つける,浸ける,n2
つたわる,伝わる,n2
つっこむ,突っ込む,n2
つとめる,務める,n2
つとめる,努める,n2
つな,綱,n2
つながり,繋がり,n2
つながる,繋がる,n2
つなげる,繋げる,n2
つぶ,粒,n2
つぶす,潰す,n2
つぶれる,潰れる,n2
つまずく,,n2
つまる,詰まる,n2
つむ,積む,n2
つめ,爪,n2
つや,艶,n2
つよき,強気,n2
つりあう,釣り合う,n2
つる,吊る,n2
つるす,吊す,n2
であい,出合い,n2
てあらい,手洗い,n2
ていいん,定員,n2
ていか,定価,n2
ていか,低下,n2
ていきけん,定期券,n2
ていきゅうび,定休日,n2
ていし,停止,n2
ていしゃ,停車,n2
ていでん,停電,n2
でいり,出入り,n2
でいりぐち,出入口,n2
ていれ,手入れ,n2
テーマ,,n2
でかける,出掛ける,n2
できあがり,出来上がり,n2
できあがる,出来上がる,n2
てきかく,的確,n2
てきかく,適確,n2
てくび,手首,n2
でこぼこ,凸凹,n2
てごろ,手頃,n2
でたらめ,,n2
てちょう,手帳,n2
てっきょう,鉄橋,n2
てつづき,手続き,n2
てっぽう,鉄砲,n2
テニスコート,,n2
てぬぐい,手拭い,n2
てまえ,手前,n2
でむかえ,出迎え,n2
でむかえる,出迎える,n2
てらす,照らす,n2
てる,照る,n2
てんかい,展開,n2
でんき,伝記,n2
でんきゅう,電球,n2
てんすう,点数,n2
でんせん,伝染,n2
でんち,電池,n2
てんてん,点々,n2
てんてん,転々,n2
でんちゅう,電柱,n2
てんのう,天皇,n2
でんぱ,電波,n2
テンポ,,n2
でんりゅう,電流,n2
でんりょく,電力,n2
といあわせ,問い合わせ,n2
どう,銅,n2
とういつ,統一,n2
どうかく,同格,n2
とうげ,峠,n2
とうけい,統計,n2
どうさ,動作,n2
とうざい,東西,n2
とうじつ,当日,n2
とうしょ,投書,n2
とうじょう,登場,n2
どうせ,,n2
どうぞよろしく,,n2
とうだい,灯台,n2
とうなん,盗難,n2
とうばん,当番,n2
とうぶん,等分,n2
とうめい,透明,n2
とうゆ,灯油,n2
とうよう,東洋,n2
どうわ,童話,n2
とおりかかる,通り掛かる,n2
とかす,溶かす,n2
とがる,尖る,n2
どきどき,,n2
とく,溶く,n2
どく,退く,n2
とくしゅ,特殊,n2
とくしょく,特色,n2
とくちょう,特長,n2
とくてい,特定,n2
とくばい,特売,n2
とけこむ,溶け込む,n2
とける,溶ける,n2
どける,退ける,n2
とこのま,床の間,n2
とこや,床屋,n2
ところどころ,所々,n2
としん,都心,n2
とだな,戸棚,n2
とっくに,,n2
どっと,,n2
ととのう,整う,n2
とどまる,留まる,n2
どなる,,n2
とびこむ,飛び込む,n2
とぶ,跳ぶ,n2
とまる,留まる,n2
とめる,泊める,n2
ともかく,,n2
とらえる,捕える,n2
とりいれる,取り入れる,n2
とりけす,取り消す,n2
とりだす,取り出す,n2
とる,採る,n2
とる,捕る,n2
トレーニング,,n2
どんぶり,丼,n2
ないか,内科,n2
ないせん,内線,n2
ナイロン,,n2
なおす,治す,n2
ながい,永い,n2
なかなおり,仲直り,n2
ながびく,長引く,n2
なかみ,中身,n2
なかみ,中味,n2
なかゆび,中指,n2
なかよし,仲良し,n2
なぐさめる,慰める,n2
なくす,亡くす,n2
なぐる,,n2
なす,為す,n2
なぞなぞ,謎謎,n2
なだらか,,n2
なつかしい,懐かしい,n2
なでる,撫でる,n2
ななめ,斜め,n2
なにしろ,,n2
なになに,何々,n2
なにぶん,何分,n2
なまいき,生意気,n2
なみき,並木,n2
ならう,倣う,n2
ならす,鳴らす,n2
なる,生る,n2
なれる,馴れる,n2
なんきょく,南極,n2
なんとなく,,n2
なんとも,,n2
ナンバー,,n2
なんべい,南米,n2
なんぼく,南北,n2
にえる,煮える,n2
におう,匂う,n2
にがす,逃がす,n2
にくい,憎い,n2
にくむ,憎む,n2
にくらしい,憎らしい,n2
にこにこ,,n2
にごる,濁る,n2
にじ,虹,n2
にちじ,日時,n2
にちようひん,日用品,n2
にっか,日課,n2
にってい,日程,n2
にぶい,鈍い,n2
にゅうしゃ,入社,n2
にょうぼう,女房,n2
にらむ,睨む,n2
にる,煮る,n2
にわか,俄,n2
ぬう,縫う,n2
ぬらす,濡らす,n2
ねじ,,n2
ねじる,捩る,n2
ネックレス,,n2
ねっする,熱する,n2
ねまき,寝間着,n2
ねまき,寝巻,n2
ねらい,狙い,n2
ねらう,狙う,n2
ねんど,年度,n2
のうさんぶつ,農産物,n2
のうそん,農村,n2
のうど,濃度,n2
のうやく,農薬,n2
のうりつ,能率,n2
のこぎり,,n2
のこらず,残らず,n2
のせる,載せる,n2
のぞく,覗く,n2
のばす,延ばす,n2
のびる,延びる,n2
のぼり,上り,n2
のぼる,上る,n2
のり,糊,n2
のりかえ,乗換,n2
のる,載る,n2
のろい,鈍い,n2
のろのろ,,n2
のんき,呑気,n2
はいいろ,灰色,n2
はいく,俳句,n2
ばいてん,売店,n2
バイバイ,,n2
ばいばい,売買,n2
はう,這う,n2
はえる,生える,n2
はがす,剥す,n2
ばからしい,,n2
はかり,秤,n2
はかる,量る,n2
はかる,測る,n2
はきけ,吐き気,n2
はきはき,,n2
はく,掃く,n2
はぐるま,歯車,n2
バケツ,,n2
はさまる,挟まる,n2
はさむ,挟む,n2
はしご,梯子,n2
はじめに,始めに,n2
はじめに,初めに,n2
はじめまして,,n2
はす,斜,n2
はずれる,外れる,n2
パターン,,n2
はだぎ,肌着,n2
はたして,果して,n2
はち,鉢,n2
バツ,ｘ,n2
はっき,発揮,n2
バック,,n2
はっしゃ,発射,n2
はっそう,発想,n2
はつでん,発電,n2
はつばい,発売,n2
はで,派手,n2
はなしあい,話合い,n2
はなしかける,話し掛ける,n2
はなしちゅう,話中,n2
はなはだしい,甚だしい,n2
はなび,花火,n2
はなよめ,花嫁,n2
はなれる,放れる,n2
はね,羽根,n2
ばね,,n2
はねる,跳ねる,n2
はへん,破片,n2
はみがき,歯磨き,n2
はめる,,n2
はやくち,早口,n2
はやる,流行る,n2
はらいこむ,払い込む,n2
はらいもどす,払い戻す,n2
バランス,,n2
はりがね,針金,n2
はりきる,張り切る,n2
はんえい,反映,n2
はんけい,半径,n2
はんこ,判子,n2
ばんざい,万歳,n2
はんじ,判事,n2
はんせい,反省,n2
ばんち,番地,n2
パンツ,,n2
バンド,,n2
はんとう,半島,n2
ハンドル,,n2
ひあたり,日当たり,n2
ひがえり,日帰り,n2
ひかくてき,比較的,n2
ひかげ,日陰,n2
ぴかぴか,,n2
ひきうける,引受る,n2
ひきかえす,引返す,n2
ひきざん,引算,n2
ひきだす,引出す,n2
ひきとめる,引き止める,n2
ひきょう,卑怯,n2
ひきわけ,引分け,n2
ひざし,陽射,n2
ひじ,肘,n2
ピストル,,n2
ビタミン,,n2
ぴたり,,n2
ひっかかる,引っ掛かる,n2
ひっき,筆記,n2
ひっくりかえす,引っ繰り返す,n2
ひっくりかえる,引っ繰り返る,n2
ひっこし,引越し,n2
ひっこむ,引っ込む,n2
ひっしゃ,筆者,n2
ひつじゅひん,必需品,n2
ひとさしゆび,人差指,n2
ひととおり,一通り,n2
ひとどおり,人通り,n2
ひとまず,,n2
ひとみ,瞳,n2
ひとやすみ,一休み,n2
ひとりごと,独り言,n2
ひとりでに,,n2
ビニール,,n2
ひにく,皮肉,n2
ひにち,日日,n2
ひねる,捻る,n2
ひのいり,日の入り,n2
ひので,日の出,n2
ひびき,響き,n2
ひびく,響く,n2
ひふ,皮膚,n2
ひやす,冷やす,n2
ひゃっかじてん,,n2
びよう,美容,n2
ひょうし,表紙,n2
ひょうしき,標識,n2
ひょうじゅん,標準,n2
ひょうほん,標本,n2
ひょうろん,評論,n2
ひらがな,平仮名,n2
ビルディング,,n2
ひるね,昼寝,n2
ひろげる,広げる,n2
ひろさ,広さ,n2
ひろば,広場,n2
ひろびろ,広々,n2
ひろめる,広める,n2
ピンク,,n2
びんせん,便箋,n2
びんづめ,瓶詰,n2
ファスナー,,n2
ふうせん,風船,n2
ふうん,不運,n2
ふえる,殖える,n2
ふかまる,深まる,n2
ふきそく,不規則,n2
ふきゅう,普及,n2
ふきん,付近,n2
ふく,拭く,n2
ふくし,副詞,n2
ふくしゃ,複写,n2
ふくすう,複数,n2
ふくめる,含める,n2
ふくらます,膨らます,n2
ふくらむ,膨らむ,n2
ふけつ,不潔,n2
ふける,更ける,n2
ふごう,符号,n2
ふさい,夫妻,n2
ふさがる,塞がる,n2
ふさぐ,塞ぐ,n2
ふざける,,n2
ぶさた,無沙汰,n2
ぶし,武士,n2
ぶしゅ,部首,n2
ふすま,襖,n2
ふぞく,附属,n2
ふた,蓋,n2
ふつう,不通,n2
ぶつかる,,n2
ぶつける,,n2
ぶっそう,物騒,n2
ぶつぶつ,,n2
ふなびん,船便,n2
ぶひん,部品,n2
ふぶき,吹雪,n2
ふぼ,父母,n2
ふみきり,踏切,n2
ふもと,麓,n2
ふやす,増やす,n2
ふやす,殖やす,n2
フライパン,,n2
ブラウス,,n2
ぶらさげる,,n2
ブラシ,,n2
プラスチック,,n2
プラットホーム,,n2
フリー,,n2
ふりがな,振り仮名,n2
プリント,,n2
ふるまう,振舞う,n2
ブローチ,,n2
プログラム,,n2
ふろしき,風呂敷,n2
ふわふわ,,n2
ふんか,噴火,n2
ぶんかい,分解,n2
ぶんげい,文芸,n2
ぶんけん,文献,n2
ふんすい,噴水,n2
ぶんすう,分数,n2
ぶんたい,文体,n2
ぶんぷ,分布,n2
ぶんぼうぐ,文房具,n2
ぶんみゃく,文脈,n2
ぶんりょう,分量,n2
ぶんるい,分類,n2
へいかい,閉会,n2
へいき,平気,n2
へいこう,並行,n2
へいじつ,平日,n2
へいたい,兵隊,n2
へいぼん,平凡,n2
へいや,平野,n2
へこむ,凹む,n2
へそ,臍,n2
へだてる,隔てる,n2
べっそう,別荘,n2
べつべつ,別々,n2
ベテラン,,n2
ヘリコプター,,n2
へんしゅう,編集,n2
べんじょ,便所,n2
ペンチ,,n2
ぼうえんきょう,望遠鏡,n2
ほうがく,方角,n2
ほうき,箒,n2
ほうげん,方言,n2
ぼうさん,坊さん,n2
ぼうし,防止,n2
ほうしん,方針,n2
ほうそう,包装,n2
ほうそく,法則,n2
ほうたい,包帯,n2
ぼうだい,膨大,n2
ほうちょう,庖丁,n2
ほうていしき,方程式,n2
ぼうはん,防犯,n2
ほうめん,方面,n2
ぼうや,坊や,n2
ほうる,放る,n2
ボーナス,,n2
ほがらか,朗らか,n2
ぼくじょう,牧場,n2
ぼくちく,牧畜,n2
ほけん,保健,n2
ぼしゅう,募集,n2
ほす,干す,n2
ポスター,,n2
ほっきょく,北極,n2
ぼっちゃん,坊っちゃん,n2
ほどく,,n2
ほり,堀,n2
ほる,掘る,n2
ほる,彫る,n2
ぼろ,,n2
ぼん,盆,n2
ぼんち,盆地,n2
ほんぶ,本部,n2
ほんらい,本来,n2
まあまあ,,n2
まいすう,枚数,n2
まいど,毎度,n2
マイナス,,n2
まく,巻く,n2
まく,蒔く,n2
まく,撒く,n2
まくら,枕,n2
まげる,曲げる,n2
まごまご,,n2
まさつ,摩擦,n2
まざる,混ざる,n2
まざる,交ざる,n2
まじる,混じる,n2
まじる,交じる,n2
マスク,,n2
まぜる,混ぜる,n2
まぜる,交ぜる,n2
またぐ,,n2
または,又は,n2
まちあいしつ,待合室,n2
まちあわせる,待ち合わせる,n2
まちかど,街角,n2
まっくら,真っ暗,n2
まっくろ,真っ黒,n2
まっさお,真っ青,n2
まっさき,真っ先,n2
まっしろ,真っ白,n2
まつる,祭る,n2
まどぐち,窓口,n2
まとまる,纏まる,n2
まとめる,纏める,n2
まねる,真似る,n2
まぶしい,,n2
まぶた,,n2
マフラー,,n2
まもなく,間も無く,n2
マラソン,,n2
まれ,稀,n2
まわりみち,回り道,n2
まんいん,満員,n2
マンション,,n2
まんてん,満点,n2
みおくる,見送る,n2
みおろす,見下ろす,n2
みかけ,見掛け,n2
みかづき,三日月,n2
みさき,岬,n2
みじめ,,n2
ミシン,,n2
みせや,店屋,n2
みだし,見出し,n2
みちじゅん,道順,n2
みつかる,見付かる,n2
みつける,見付ける,n2
みっともない,,n2
みなおす,見直す,n2
みなれる,見慣れる,n2
みにくい,醜い,n2
みのる,実る,n2
みぶん,身分,n2
みほん,見本,n2
みまう,見舞う,n2
みまん,未満,n2
みょうじ,名字,n2
ミリ,,n2
みる,診る,n2
みんかん,民間,n2
みんよう,民謡,n2
むかう,向う,n2
むく,剥く,n2
むげん,無限,n2
むじ,無地,n2
むしあつい,蒸し暑い,n2
むじゅん,矛盾,n2
むす,蒸す,n2
むすう,無数,n2
むらさき,紫,n2
むれ,群れ,n2
めい,姪,n2
めいさく,名作,n2
めいし,名刺,n2
めいし,名詞,n2
めいしょ,名所,n2
めいずる,命ずる,n2
めいしん,迷信,n2
めいぶつ,名物,n2
めいめい,銘々,n2
めうえ,目上,n2
メーター,,n2
めぐまれる,恵まれる,n2
めぐる,巡る,n2
めざす,目指す,n2
めざまし,目覚し,n2
めした,目下,n2
めじるし,目印,n2
めだつ,目立つ,n2
めちゃくちゃ,,n2
めっきり,,n2
めでたい,,n2
メニュー,,n2
めまい,,n2
めやす,目安,n2
めんぜい,免税,n2
めんせき,面積,n2
めんせつ,面接,n2
めんどうくさい,面倒臭い,n2
もうかる,儲かる,n2
もうける,儲ける,n2
もうしわけない,申し訳ない,n2
モーター,,n2
もくざい,木材,n2
もくじ,目次,n2
もぐる,潜る,n2
もしかしたら,,n2
もしかすると,,n2
もたれる,,n2
モダン,,n2
もち,餅,n2
もったいない,,n2
モデル,,n2
もともと,元々,n2
ものおき,物置,n2
ものがたる,物語る,n2
ものさし,物差し,n2
ものすごい,物凄い,n2
モノレール,,n2
もみじ,紅葉,n2
もむ,揉む,n2
もやす,燃やす,n2
もよおし,催し,n2
もる,盛る,n2
もんどう,問答,n2
やかましい,,n2
やかん,夜間,n2
やかん,薬缶,n2
やくしゃ,役者,n2
やくしょ,役所,n2
やくす,訳す,n2
やくにん,役人,n2
やくひん,薬品,n2
やくめ,役目,n2
やけど,火傷,n2
やこう,夜行,n2
やじるし,矢印,n2
やたら,,n2
やっきょく,薬局,n2
やっつける,,n2
やぬし,家主,n2
やぶく,破く,n2
やぶれる,破れる,n2
やむをえない,,n2
やわらかい,軟らかい,n2
ゆうえんち,遊園地,n2
ゆうかん,夕刊,n2
ゆうこう,友好,n2
ゆうそう,郵送,n2
ゆうだち,夕立,n2
ゆうひ,夕日,n2
ゆうゆう,悠々,n2
ゆうりょう,有料,n2
ゆかた,浴衣,n2
ゆげ,湯気,n2
ゆけつ,輸血,n2
ゆそう,輸送,n2
ゆだん,油断,n2
ゆでる,,n2
ゆのみ,湯飲み,n2
ゆるい,緩い,n2
ようがん,溶岩,n2
ようき,容器,n2
ようご,用語,n2
ようし,要旨,n2
ようじ,幼児,n2
ようせき,容積,n2
ようち,幼稚,n2
ようちえん,幼稚園,n2
ようと,用途,n2
ようひんてん,洋品店,n2
ようぶん,養分,n2
ようもう,羊毛,n2
ようやく,漸く,n2
ようりょう,要領,n2
よくばり,欲張り,n2
よけい,余計,n2
よこす,,n2
よごす,汚す,n2
よせる,寄せる,n2
よそ,余所,n2
よつかど,四つ角,n2
よっぱらい,酔っ払い,n2
よび,予備,n2
よびかける,呼び掛ける,n2
よびだす,呼び出す,n2
よみがえる,蘇る,n2
よろこび,慶び,n2
よろこぶ,慶ぶ,n2
らいにち,来日,n2
らくだい,落第,n2
ラッシュアワー,,n2
らん,欄,n2
ランチ,,n2
ランニング,,n2
らんぼう,乱暴,n2
りか,理科,n2
りがい,利害,n2
リズム,,n2
リットル,,n2
リボン,,n2
りゃくす,略す,n2
りゅういき,流域,n2
りょう,寮,n2
りょうがわ,両側,n2
りょうし,漁師,n2
りょうじ,領事,n2
りょうしゅう,領収,n2
りんじ,臨時,n2
るすばん,留守番,n2
れいがい,例外,n2
れいてん,零点,n2
れいとう,冷凍,n2
レインコート,,n2
レクリェーション,,n2
レジャー,,n2
れっとう,列島,n2
レベル,,n2
れんが,煉瓦,n2
れんごう,連合,n2
レンズ,,n2
ろうそく,蝋燭,n2
ローマじ,,n2
ろくおん,録音,n2
ロッカー,,n2
ロビー,,n2
ろんずる,論ずる,n2
わえい,和英,n2
わかる,分る,n2
わかれる,分かれる,n2
わかわかしい,若々しい,n2
わく,湧く,n2
わびる,詫びる,n2
わふく,和服,n2
わりあいに,,n2
わりざん,割算,n2
わりと,割と,n2
わりびき,割引,n2
わん,椀,n2
わん,碗,n2
ワンピース,,n2
あっ,,n3
あい,愛,n3
あいさつ,挨拶,n3
あいじょう,愛情,n3
あいず,合図,n3
アイスクリーム,,n3
あいする,愛する,n3
あいて,相手,n3
あいにく,,n3
アイロン,,n3
アウト,,n3
あかり,明かり,n3
あき,空き,n3
あきらか,明らか,n3
あきらめる,諦める,n3
あきる,飽きる,n3
あくしゅ,握手,n3
あくま,悪魔,n3
あける,明ける,n3
あずける,預ける,n3
あせ,汗,n3
あたえる,与える,n3
あたり,辺り,n3
あたる,当たる,n3
あちこち,,n3
あつかう,扱う,n3
あつまり,集まり,n3
あてる,当てる,n3
あと,跡,n3
あな,穴,n3
あびる,浴びる,n3
あぶら,油,n3
あまり,余り,n3
あやまり,誤り,n3
あら,粗,n3
あらし,嵐,n3
あらた,新た,n3
あらゆる,,n3
あらわす,表す,n3
あらわす,現す,n3
あらわれ,現れ,n3
あらわれる,現れる,n3
ありがとう,,n3
ある,或,n3
あるいは,,n3
アルバム,,n3
あわ,泡,n3
あわせる,合わせる,n3
あわれ,哀れ,n3
あん,案,n3
あんき,暗記,n3
あんてい,安定,n3
あんなに,,n3
あんまり,,n3
い,胃,n3
いえ,,n3
いいん,委員,n3
ゆう,言う,n3
いがい,意外,n3
いき,行き,n3
ゆき,行き,n3
いき,息,n3
いきおい,勢い,n3
いきもの,生き物,n3
いくつ,幾つ,n3
いくら,幾ら,n3
いけない,,n3
いし,医師,n3
いし,意思,n3
いし,意志,n3
いじ,維持,n3
いしき,意識,n3
いじょう,異常,n3
いす,椅子,n3
いずみ,泉,n3
いずれ,,n3
いぜん,以前,n3
いた,板,n3
いだい,偉大,n3
いだく,抱く,n3
いたずら,悪戯,n3
いただきます,,n3
いただく,頂く,n3
いたみ,痛み,n3
いたる,至る,n3
いち,市,n3
いち,位置,n3
いちじ,一時,n3
いちどに,一度に,n3
いちば,市場,n3
いちばん,一番,n3
いつか,何時か,n3
いっか,一家,n3
いっしゅ,一種,n3
いっしゅん,一瞬,n3
いっしょう,一生,n3
いっそう,一層,n3
いったい,一体,n3
いっち,一致,n3
いつでも,,n3
いっぱん,一般,n3
いっぽう,一方,n3
いつまでも,,n3
いつも,何時も,n3
いどう,移動,n3
いとこ,従兄弟,n3
いね,稲,n3
いねむり,居眠り,n3
いのち,命,n3
いはん,違反,n3
いふく,衣服,n3
いま,居間,n3
いまに,今に,n3
いまにも,今にも,n3
いや,否,n3
いらい,以来,n3
いらい,依頼,n3
いらいら,,n3
いらっしゃい,,n3
いりょう,医療,n3
いわ,岩,n3
いわい,祝い,n3
いわう,祝う,n3
いわば,言わば,n3
いわゆる,,n3
インク,,n3
いんさつ,印刷,n3
いんしょう,印象,n3
いんたい,引退,n3
いんよう,引用,n3
ウイスキー,,n3
うわ,上,n3
うお,魚,n3
うがい,嗽,n3
うけとる,受け取る,n3
うごかす,動かす,n3
うさぎ,兎,n3
うし,牛,n3
うしなう,失う,n3
うしろ,後,n3
うたがう,疑う,n3
うちゅう,宇宙,n3
うつ,撃つ,n3
うつす,移す,n3
うったえる,訴える,n3
うなる,,n3
うばう,奪う,n3
うま,馬,n3
うまれ,生まれ,n3
うめ,梅,n3
うらぎる,裏切る,n3
うるさい,,n3
うれしい,嬉しい,n3
うれる,売れる,n3
うわさ,噂,n3
うん,運,n3
え,柄,n3
えいえん,永遠,n3
えいきゅう,永久,n3
えいきょう,影響,n3
えいぎょう,営業,n3
えいせい,衛星,n3
えいよう,栄養,n3
えがお,笑顔,n3
えがく,描く,n3
えさ,餌,n3
エネルギー,,n3
える,得る,n3
うる,得る,n3
えん,円,n3
えんき,延期,n3
えんぎ,演技,n3
えんじょ,援助,n3
エンジン,,n3
えんぜつ,演説,n3
えんそう,演奏,n3
お,御,n3
おい,老い,n3
おいつく,追い付く,n3
おう,王,n3
おう,追う,n3
おうさま,王様,n3
おうじ,王子,n3
おうじる,応じる,n3
おうだん,横断,n3
おえる,終える,n3
おおいに,大いに,n3
おおう,覆う,n3
オーバー,,n3
おおや,大家,n3
おか,丘,n3
おき,沖,n3
おく,奥,n3
おくる,贈る,n3
おこる,起こる,n3
おさない,幼い,n3
おさめる,収める,n3
おしゃべり,,n3
おせん,汚染,n3
おそらく,,n3
おそれる,恐れる,n3
おそろしい,恐ろしい,n3
おたがい,お互い,n3
おだやか,穏やか,n3
おとこのひと,男の人,n3
おとる,劣る,n3
おなか,お腹,n3
おに,鬼,n3
おび,帯,n3
おひる,お昼,n3
オフィス,,n3
おぼれる,溺れる,n3
おまえ,,n3
おめでとう,お目出度う,n3
おめにかかる,お目に掛かる,n3
おもいで,思い出,n3
おもに,主に,n3
おもわず,思わず,n3
おや,,n3
およぎ,泳ぎ,n3
およそ,,n3
およぼす,及ぼす,n3
おる,居る,n3
おろす,下す,n3
おろす,降ろす,n3
おわり,終,n3
おん,音,n3
おん,恩,n3
おんだん,温暖,n3
おんど,温度,n3
か,可,n3
か,課,n3
カー,,n3
カード,,n3
かい,会,n3
かい,回,n3
がい,害,n3
かいいん,会員,n3
かいが,絵画,n3
かいがい,海外,n3
かいけい,会計,n3
かいけつ,解決,n3
かいごう,会合,n3
がいこう,外交,n3
かいし,開始,n3
かいしゃく,解釈,n3
がいしゅつ,外出,n3
かいぜん,改善,n3
かいてき,快適,n3
かいふく,回復,n3
かう,飼う,n3
かえる,替える,n3
かえる,換える,n3
かおり,香り,n3
がか,画家,n3
かかえる,抱える,n3
かかく,価格,n3
かがく,化学,n3
かがやく,輝く,n3
かかり,係,n3
かかる,罹る,n3
かぎる,限る,n3
かく,描く,n3
かぐ,家具,n3
がく,学,n3
がく,額,n3
かくご,覚悟,n3
かくじつ,確実,n3
がくしゃ,学者,n3
がくしゅう,学習,n3
かくす,隠す,n3
かくだい,拡大,n3
かくにん,確認,n3
がくもん,学問,n3
かくれる,隠れる,n3
かげ,影,n3
かげ,陰,n3
かける,欠ける,n3
かげん,加減,n3
かこ,過去,n3
かご,籠,n3
かこむ,囲む,n3
かさい,火災,n3
かし,貸し,n3
かし,菓子,n3
かじ,家事,n3
かしこい,賢い,n3
かしゅ,歌手,n3
かず,数,n3
かせぐ,稼ぐ,n3
かぞえる,数える,n3
かた,型,n3
かた,肩,n3
かたがた,方々,n3
かたな,刀,n3
かたる,語る,n3
かち,勝ち,n3
かち,価値,n3
がっかり,,n3
かっき,活気,n3
がっき,学期,n3
かつどう,活動,n3
かつよう,活用,n3
かなしむ,悲しむ,n3
かならずしも,必ずしも,n3
かなり,,n3
かね,金,n3
かのう,可能,n3
かぶ,株,n3
かぶる,被る,n3
かまう,構う,n3
がまん,我慢,n3
かみ,上,n3
かみ,神,n3
かみなり,雷,n3
かみのけ,髪の毛,n3
かもく,科目,n3
かもしれない,,n3
かよう,火曜,n3
から,空,n3
がら,柄,n3
かる,刈る,n3
かれら,彼等,n3
かわ,皮,n3
かわ,革,n3
かわいそう,,n3
かわいらしい,,n3
かん,缶,n3
かん,勘,n3
かんがえ,考え,n3
かんかく,感覚,n3
かんきゃく,観客,n3
かんきょう,環境,n3
かんげい,歓迎,n3
かんこう,観光,n3
かんさつ,観察,n3
かんじ,感じ,n3
かんしゃ,感謝,n3
かんじゃ,患者,n3
かんじょう,勘定,n3
かんじょう,感情,n3
かんじる,感じる,n3
かんしん,感心,n3
かんしん,関心,n3
かんする,関する,n3
かんせい,完成,n3
かんぜん,完全,n3
かんどう,感動,n3
かんとく,監督,n3
かんり,管理,n3
かんりょう,完了,n3
かんれん,関連,n3
ぎいん,議員,n3
きおく,記憶,n3
きおん,気温,n3
きかい,機械,n3
ぎかい,議会,n3
きかん,期間,n3
きかん,機関,n3
きぎょう,企業,n3
きく,効く,n3
きげん,機嫌,n3
きこう,気候,n3
きし,岸,n3
きじ,生地,n3
きじ,記事,n3
ぎし,技師,n3
きしゃ,記者,n3
きず,傷,n3
きたい,期待,n3
きたく,帰宅,n3
きちょう,貴重,n3
ぎちょう,議長,n3
きちんと,,n3
きつい,,n3
きづく,気付く,n3
きにいる,気に入る,n3
きにゅう,記入,n3
きねん,記念,n3
きのう,機能,n3
きのどく,気の毒,n3
きふ,寄付,n3
きぼう,希望,n3
きほん,基本,n3
きまり,決まり,n3
きみ,気味,n3
きみょう,奇妙,n3
ぎむ,義務,n3
ぎもん,疑問,n3
ぎゃく,逆,n3
キャプテン,,n3
キャンプ,,n3
きゅう,旧,n3
きゅう,級,n3
きゅう,球,n3
きゅうか,休暇,n3
きゅうけい,休憩,n3
きゅうげき,急激,n3
きゅうしゅう,吸収,n3
きゅうじょ,救助,n3
きゅうそく,急速,n3
きゅうに,急に,n3
きゅうりょう,給料,n3
きよう,器用,n3
きょうかしょ,教科書,n3
きょうぎ,競技,n3
ぎょうぎ,行儀,n3
きょうきゅう,供給,n3
きょうし,教師,n3
きょうじゅ,教授,n3
きょうちょう,強調,n3
きょうつう,共通,n3
きょうどう,共同,n3
きょうふ,恐怖,n3
きょうりょく,協力,n3
きょうりょく,強力,n3
きょか,許可,n3
きょく,局,n3
きょだい,巨大,n3
きらう,嫌う,n3
きり,霧,n3
きれ,切れ,n3
きれる,切れる,n3
きろく,記録,n3
ぎろん,議論,n3
きん,金,n3
ぎん,銀,n3
きんえん,禁煙,n3
きんがく,金額,n3
きんこ,金庫,n3
きんし,禁止,n3
きんせん,金銭,n3
きんぞく,金属,n3
きんだい,近代,n3
きんちょう,緊張,n3
きんにく,筋肉,n3
きんゆう,金融,n3
きんよう,金曜,n3
く,句,n3
くう,食う,n3
ぐうぜん,偶然,n3
くさい,臭い,n3
くさり,鎖,n3
くさる,腐る,n3
くせ,癖,n3
くだ,管,n3
ぐたい,具体,n3
くださる,下さる,n3
くだり,下り,n3
くつう,苦痛,n3
ぐっすり,,n3
くべつ,区別,n3
くみ,組,n3
くみあい,組合,n3
くむ,組む,n3
くもり,曇,n3
くらい,位,n3
くらし,暮らし,n3
クラシック,,n3
くらす,暮らす,n3
グラス,,n3
グランド,,n3
クリーム,,n3
くりかえす,繰り返す,n3
クリスマス,,n3
くるう,狂う,n3
グループ,,n3
くるしい,苦しい,n3
くるしむ,苦しむ,n3
くれ,暮れ,n3
くろう,苦労,n3
くわえる,加える,n3
くわしい,詳しい,n3
くわわる,加わる,n3
くん,訓,n3
ぐん,軍,n3
ぐんたい,軍隊,n3
くんれん,訓練,n3
げ,下,n3
けい,計,n3
けいい,敬意,n3
けいえい,経営,n3
けいき,景気,n3
けいこう,傾向,n3
けいこく,警告,n3
けいさん,計算,n3
けいじ,掲示,n3
けいじ,刑事,n3
げいじゅつ,芸術,n3
けいやく,契約,n3
けいゆ,経由,n3
ケース,,n3
ゲーム,,n3
げき,劇,n3
げきじょう,劇場,n3
けしょう,化粧,n3
けち,,n3
けっか,結果,n3
けっかん,欠陥,n3
けっきょく,結局,n3
けっしん,決心,n3
けっせき,欠席,n3
けってい,決定,n3
けってん,欠点,n3
げつよう,月曜,n3
けつろん,結論,n3
けむり,煙,n3
けん,券,n3
けん,県,n3
けん,軒,n3
けんかい,見解,n3
げんかい,限界,n3
げんきん,現金,n3
げんご,言語,n3
けんこう,健康,n3
けんさ,検査,n3
げんざい,現在,n3
げんじつ,現実,n3
げんしょう,現象,n3
げんじょう,現状,n3
けんせつ,建設,n3
げんだい,現代,n3
けんちく,建築,n3
けんとう,見当,n3
けんとう,検討,n3
げんば,現場,n3
けんぽう,憲法,n3
けんり,権利,n3
ご,後,n3
ご,語,n3
こい,恋,n3
こい,濃い,n3
こいびと,恋人,n3
こううん,幸運,n3
こうえん,講演,n3
こうか,効果,n3
こうか,硬貨,n3
こうか,高価,n3
ごうか,豪華,n3
ごうかく,合格,n3
こうかん,交換,n3
こうくう,航空,n3
こうけい,光景,n3
ごうけい,合計,n3
こうげき,攻撃,n3
こうけん,貢献,n3
こうこく,広告,n3
こうさい,交際,n3
こうしゃ,後者,n3
こうば,工場,n3
こうせい,構成,n3
こうそく,高速,n3
こうどう,行動,n3
ごうとう,強盗,n3
こうふく,幸福,n3
こうへい,公平,n3
こうほ,候補,n3
こうりょ,考慮,n3
こえる,越える,n3
コーチ,,n3
コード,,n3
こおり,氷,n3
こおる,凍る,n3
ゴール,,n3
ごかい,誤解,n3
ごがく,語学,n3
こきゅう,呼吸,n3
こきょう,故郷,n3
ごく,極,n3
こくご,国語,n3
こくばん,黒板,n3
こくふく,克服,n3
こくみん,国民,n3
こくもつ,穀物,n3
こし,腰,n3
こじん,個人,n3
こす,越す,n3
こっか,国家,n3
こっかい,国会,n3
こっきょう,国境,n3
こっせつ,骨折,n3
こづつみ,小包,n3
こと,事,n3
ことなる,異なる,n3
ことわざ,諺,n3
ことわる,断る,n3
こな,粉,n3
このみ,好み,n3
このむ,好む,n3
こむぎ,小麦,n3
ごめんなさい,,n3
こや,小屋,n3
これら,,n3
ころ,頃,n3
ころす,殺す,n3
ころぶ,転ぶ,n3
こんかい,今回,n3
こんご,今後,n3
こんざつ,混雑,n3
こんなに,,n3
こんなん,困難,n3
こんにち,今日,n3
こんにちは,,n3
こんやく,婚約,n3
こんらん,混乱,n3
さ,差,n3
サービス,,n3
さい,際,n3
さいこう,最高,n3
ざいさん,財産,n3
さいしゅう,最終,n3
さいちゅう,最中,n3
さいてい,最低,n3
さいのう,才能,n3
さいばん,裁判,n3
ざいりょう,材料,n3
さいわい,幸い,n3
サイン,,n3
さかい,境,n3
さからう,逆らう,n3
さかり,盛り,n3
さぎょう,作業,n3
さく,昨,n3
さくひん,作品,n3
さくもつ,作物,n3
さくら,桜,n3
さけ,酒,n3
さけぶ,叫ぶ,n3
さける,避ける,n3
ささえる,支える,n3
さす,指す,n3
ざせき,座席,n3
さそう,誘う,n3
さつ,札,n3
さっか,作家,n3
さっきょく,作曲,n3
ざっと,,n3
さっぱり,,n3
さて,,n3
さばく,砂漠,n3
さべつ,差別,n3
さほう,作法,n3
さまざま,様々,n3
さます,覚ます,n3
さめる,覚める,n3
さゆう,左右,n3
さら,皿,n3
さらに,更に,n3
さる,去る,n3
さる,猿,n3
さわぎ,騒ぎ,n3
さんか,参加,n3
さんこう,参考,n3
さんせい,賛成,n3
さんそ,酸素,n3
し,氏,n3
し,詩,n3
しあわせ,幸せ,n3
ジーンズ,,n3
ジェットき,ジェット機,n3
じかに,直に,n3
しかも,,n3
しかる,叱る,n3
しき,式,n3
じき,直,n3
じき,時期,n3
しきゅう,支給,n3
しきりに,,n3
しげき,刺激,n3
しげん,資源,n3
じけん,事件,n3
じこく,時刻,n3
じさつ,自殺,n3
じじつ,事実,n3
ししゅつ,支出,n3
じじょう,事情,n3
しじん,詩人,n3
じしん,自身,n3
しずむ,沈む,n3
しぜん,自然,n3
しそう,思想,n3
した,舌,n3
しだい,次第,n3
じたい,事態,n3
したがう,従う,n3
したがって,従って,n3
したしい,親しい,n3
しつ,質,n3
しつぎょう,失業,n3
じっけん,実験,n3
じつげん,実現,n3
じっこう,実行,n3
じっさい,実際,n3
じっし,実施,n3
じっと,,n3
じつに,実に,n3
じつは,実は,n3
しつぼう,失望,n3
してん,支店,n3
しどう,指導,n3
じどう,自動,n3
しな,品,n3
しはい,支配,n3
しばい,芝居,n3
しばしば,,n3
しばふ,芝生,n3
しはらい,支払,n3
しはらう,支払う,n3
しぼう,死亡,n3
しほん,資本,n3
しまい,仕舞い,n3
しまい,姉妹,n3
しまう,仕舞う,n3
しまった,仕舞った,n3
じまん,自慢,n3
じむ,事務,n3
しめす,示す,n3
しめる,占める,n3
しも,下,n3
しも,霜,n3
しゃっきん,借金,n3
しゃべる,,n3
じゃま,邪魔,n3
しゅう,週,n3
しゅう,州,n3
じゅう,銃,n3
しゅうい,周囲,n3
しゅうかく,収穫,n3
しゅうかん,週間,n3
しゅうきょう,宗教,n3
じゅうし,重視,n3
しゅうしょく,就職,n3
ジュース,,n3
しゅうせい,修正,n3
じゅうたい,渋滞,n3
じゅうだい,重大,n3
じゅうたく,住宅,n3
しゅうだん,集団,n3
しゅうちゅう,集中,n3
しゅうにゅう,収入,n3
じゅうみん,住民,n3
じゅうよう,重要,n3
しゅうり,修理,n3
しゅぎ,主義,n3
しゅくはく,宿泊,n3
しゅじゅつ,手術,n3
しゅしょう,首相,n3
しゅだん,手段,n3
しゅちょう,主張,n3
しゅっしん,出身,n3
しゅっぱん,出版,n3
しゅと,首都,n3
しゅふ,主婦,n3
しゅよう,主要,n3
じゅよう,需要,n3
しゅるい,種類,n3
じゅん,順,n3
しゅんかん,瞬間,n3
じゅんちょう,順調,n3
じゅんばん,順番,n3
しよう,使用,n3
しょう,小,n3
しょう,章,n3
しょう,賞,n3
じょう,上,n3
しょうがい,障害,n3
しょうがくきん,奨学金,n3
じょうきゃく,乗客,n3
じょうきょう,上京,n3
じょうきょう,状況,n3
じょうけん,条件,n3
しょうご,正午,n3
しょうじき,正直,n3
じょうしき,常識,n3
しょうじょ,少女,n3
しょうしょう,少々,n3
しょうじょう,症状,n3
しょうじる,生じる,n3
じょうたい,状態,n3
じょうたつ,上達,n3
じょうだん,冗談,n3
じょうとう,上等,n3
しょうとつ,衝突,n3
しょうにん,商人,n3
しょうにん,承認,n3
しょうねん,少年,n3
しょうばい,商売,n3
しょうひ,消費,n3
しょうひん,商品,n3
しょうぼう,消防,n3
じょうほう,情報,n3
しょうめい,証明,n3
じょおう,女王,n3
しょく,職,n3
しょくぎょう,職業,n3
しょくたく,食卓,n3
しょくひん,食品,n3
しょくぶつ,植物,n3
しょくもつ,食物,n3
しょくよく,食欲,n3
しょくりょう,食料,n3
しょくりょう,食糧,n3
しょさい,書斎,n3
じょし,女子,n3
じょしゅ,助手,n3
じょじょに,徐々に,n3
しょめい,署名,n3
しょもつ,書物,n3
じょゆう,女優,n3
しょり,処理,n3
しょるい,書類,n3
しらせ,知らせ,n3
しり,尻,n3
しるし,印,n3
しろ,城,n3
しんがく,進学,n3
しんけい,神経,n3
しんけん,真剣,n3
しんこう,信仰,n3
しんごう,信号,n3
じんこう,人工,n3
しんこく,深刻,n3
しんさつ,診察,n3
じんしゅ,人種,n3
しんじる,信じる,n3
じんせい,人生,n3
しんせき,親戚,n3
しんせん,新鮮,n3
しんぞう,心臓,n3
しんたい,身体,n3
しんちょう,身長,n3
しんちょう,慎重,n3
しんぱん,審判,n3
じんぶつ,人物,n3
しんぽ,進歩,n3
しんゆう,親友,n3
しんよう,信用,n3
しんらい,信頼,n3
しんり,心理,n3
じんるい,人類,n3
す,巣,n3
ず,図,n3
すいじゅん,水準,n3
すいせん,推薦,n3
スイッチ,,n3
ずいぶん,随分,n3
すいみん,睡眠,n3
すう,数,n3
すうじ,数字,n3
スープ,,n3
すえ,末,n3
すがた,姿,n3
スキー,,n3
すくう,救う,n3
すぐれる,優れる,n3
スケート,,n3
すごい,,n3
すこしも,少しも,n3
すごす,過ごす,n3
すじ,筋,n3
すすめる,進める,n3
すすめる,勧める,n3
スター,,n3
スタイル,,n3
スタンド,,n3
ずつう,頭痛,n3
ずっと,,n3
すてき,,n3
すでに,既に,n3
すなわち,,n3
すばらしい,素晴らしい,n3
スピーチ,,n3
すべて,全て,n3
すませる,済ませる,n3
すみ,角,n3
すみません,,n3
するどい,鋭い,n3
せい,背,n3
せい,正,n3
せい,生,n3
せい,性,n3
せい,所為,n3
ぜい,税,n3
せいかく,性格,n3
せいかく,正確,n3
せいき,世紀,n3
せいきゅう,請求,n3
ぜいきん,税金,n3
せいけつ,清潔,n3
せいげん,制限,n3
せいこう,成功,n3
せいしき,正式,n3
せいしん,精神,n3
せいじん,成人,n3
せいぜい,精々,n3
せいせき,成績,n3
せいぞう,製造,n3
ぜいたく,贅沢,n3
せいちょう,成長,n3
せいど,制度,n3
せいねん,青年,n3
せいひん,製品,n3
せいふ,政府,n3
せいぶつ,生物,n3
せいめい,生命,n3
せいり,整理,n3
せき,咳,n3
せきたん,石炭,n3
せきにん,責任,n3
せきゆ,石油,n3
せけん,世間,n3
せつ,説,n3
せっきょくてき,積極的,n3
せっけい,設計,n3
ぜったい,絶対,n3
セット,,n3
せつび,設備,n3
ぜつめつ,絶滅,n3
せつやく,節約,n3
ぜひ,是非,n3
せめる,責める,n3
ぜん,善,n3
ぜん,全,n3
ぜんいん,全員,n3
せんこう,専攻,n3
ぜんこく,全国,n3
せんじつ,先日,n3
ぜんしゃ,前者,n3
せんしゅ,選手,n3
ぜんしん,前進,n3
センター,,n3
ぜんたい,全体,n3
せんたく,選択,n3
そう,然う,n3
ぞう,象,n3
そうおん,騒音,n3
ぞうか,増加,n3
そうさ,操作,n3
そうぞう,想像,n3
そうぞく,相続,n3
そうち,装置,n3
そうとう,相当,n3
そくど,速度,n3
そこ,底,n3
そこで,,n3
そしき,組織,n3
そそぐ,注ぐ,n3
そだつ,育つ,n3
そっくり,,n3
そっと,,n3
そで,袖,n3
そなえる,備える,n3
そのうち,,n3
そのまま,,n3
ソファー,,n3
そまつ,粗末,n3
それぞれ,,n3
それでも,,n3
それと,,n3
それとも,,n3
そん,損,n3
そんがい,損害,n3
そんけい,尊敬,n3
そんざい,存在,n3
そんちょう,尊重,n3
た,田,n3
た,他,n3
たい,対,n3
だい,大,n3
だい,台,n3
だい,題,n3
たいいく,体育,n3
たいおん,体温,n3
たいかい,大会,n3
たいき,大気,n3
だいきん,代金,n3
たいくつ,退屈,n3
たいざい,滞在,n3
たいし,大使,n3
たいした,大した,n3
たいしょう,対象,n3
だいじん,大臣,n3
たいする,対する,n3
たいせん,大戦,n3
たいど,態度,n3
だいとうりょう,大統領,n3
たいはん,大半,n3
だいひょう,代表,n3
だいぶぶん,大部分,n3
タイプライター,,n3
たいほ,逮捕,n3
ダイヤ,,n3
たいよう,太陽,n3
たいら,平ら,n3
だいり,代理,n3
たいりく,大陸,n3
たおす,倒す,n3
タオル,,n3
だが,,n3
たがい,互い,n3
たから,宝,n3
たく,宅,n3
だけど,,n3
たしかめる,確かめる,n3
たしょう,多少,n3
たすける,助ける,n3
ただ,只,n3
ただ,唯,n3
たたかい,戦い,n3
たたかう,戦う,n3
たたく,叩く,n3
ただちに,直ちに,n3
たちあがる,立ち上がる,n3
たちば,立場,n3
たつ,経つ,n3
たっする,達する,n3
たった,,n3
だって,,n3
たっぷり,,n3
たとえ,例え,n3
たに,谷,n3
たにん,他人,n3
たね,種,n3
たば,束,n3
たび,度,n3
たび,旅,n3
たびたび,,n3
たま,玉,n3
たま,球,n3
たま,弾,n3
たま,偶,n3
たまたま,偶々,n3
たまらない,,n3
だまる,黙る,n3
だめ,駄目,n3
ためし,試し,n3
ためす,試す,n3
たより,便り,n3
たよる,頼る,n3
だん,段,n3
たんい,単位,n3
たんご,単語,n3
だんし,男子,n3
たんじゅん,単純,n3
たんじょう,誕生,n3
ダンス,,n3
だんたい,団体,n3
たんとう,担当,n3
たんなる,単なる,n3
たんに,単に,n3
ち,地,n3
ちい,地位,n3
ちいき,地域,n3
チーズ,,n3
チーム,,n3
ちえ,知恵,n3
ちか,地下,n3
ちがい,違い,n3
ちがいない,違いない,n3
ちかごろ,近頃,n3
ちきゅう,地球,n3
ちく,地区,n3
ちこく,遅刻,n3
ちじ,知事,n3
ちしき,知識,n3
ちちおや,父親,n3
ちのう,知能,n3
ちへいせん,地平線,n3
ちほう,地方,n3
ちゃ,茶,n3
チャンス,,n3
ちゃんと,,n3
ちゅう,中,n3
ちゅう,注,n3
ちゅうおう,中央,n3
ちゅうがく,中学,n3
ちゅうこ,中古,n3
ちゅうし,中止,n3
ちゅうしゃ,駐車,n3
ちゅうしょく,昼食,n3
ちゅうしん,中心,n3
ちゅうもく,注目,n3
ちゅうもん,注文,n3
ちょうき,長期,n3
ちょうさ,調査,n3
ちょうし,調子,n3
ちょうじょう,頂上,n3
ちょうだい,頂戴,n3
ちょきん,貯金,n3
ちょくせつ,直接,n3
ちょしゃ,著者,n3
ついに,遂に,n3
つうか,通過,n3
つうがく,通学,n3
つうこう,通行,n3
つうじる,通じる,n3
つうしん,通信,n3
つかまる,捕まる,n3
つかむ,掴む,n3
つかれ,疲れ,n3
つきあい,付き合い,n3
つぎつぎ,次々,n3
つく,就く,n3
つぐ,注ぐ,n3
つち,土,n3
つづき,続き,n3
つつみ,包み,n3
つとめ,勤め,n3
つとめ,務め,n3
つなぐ,繋ぐ,n3
つねに,常に,n3
つばさ,翼,n3
つまり,,n3
つみ,罪,n3
つめる,詰める,n3
つもる,積もる,n3
つゆ,梅雨,n3
つらい,辛い,n3
つり,釣,n3
つれ,連れ,n3
で,出,n3
であい,出会い,n3
であう,出会う,n3
ていあん,提案,n3
ていき,定期,n3
ていこう,抵抗,n3
ていしゅつ,提出,n3
ていど,程度,n3
ていりゅうじょ,停留所,n3
デート,,n3
てき,敵,n3
できごと,出来事,n3
てきする,適する,n3
てきせつ,適切,n3
てきど,適度,n3
てきよう,適用,n3
できるだけ,出来るだけ,n3
できれば,,n3
てじな,手品,n3
ですから,,n3
てつ,鉄,n3
てつがく,哲学,n3
てつだい,手伝い,n3
てってい,徹底,n3
てつどう,鉄道,n3
てつや,徹夜,n3
てま,手間,n3
デモ,,n3
てんけい,典型,n3
てんこう,天候,n3
でんし,電子,n3
テント,,n3
でんとう,伝統,n3
てんねん,天然,n3
ど,度,n3
とい,問い,n3
とう,党,n3
とう,塔,n3
ド,,n3
とうあん,答案,n3
どういつ,同一,n3
どうか,,n3
とうじ,当時,n3
どうし,動詞,n3
どうじ,同時,n3
どうしても,,n3
とうちゃく,到着,n3
どうとく,道徳,n3
とうひょう,投票,n3
どうよう,同様,n3
どうりょう,同僚,n3
どうろ,道路,n3
とおす,通す,n3
とおり,通り,n3
とおりすぎる,通り過ぎる,n3
とかい,都会,n3
とき,時,n3
とく,解く,n3
どく,毒,n3
とくい,得意,n3
どくしょ,読書,n3
どくしん,独身,n3
とくちょう,特徴,n3
どくとく,独特,n3
どくりつ,独立,n3
とける,解ける,n3
どこか,,n3
ところが,,n3
ところで,,n3
とざん,登山,n3
とし,都市,n3
としつき,年月,n3
としょ,図書,n3
としより,年寄,n3
とじる,閉じる,n3
とたん,途端,n3
とち,土地,n3
とつぜん,突然,n3
トップ,,n3
とどく,届く,n3
とにかく,,n3
とばす,飛ばす,n3
とびだす,飛び出す,n3
とめる,留める,n3
とも,友,n3
ともに,共に,n3
どよう,土曜,n3
とら,虎,n3
ドライブ,,n3
トラック,,n3
ドラマ,,n3
トランプ,,n3
とりあげる,取り上げる,n3
どりょく,努力,n3
ドレス,,n3
とれる,取れる,n3
どろ,泥,n3
トン,屯,n3
とんでもない,,n3
どんな,,n3
どんなに,,n3
トンネル,,n3
な,名,n3
ないよう,内容,n3
なお,直,n3
なか,仲,n3
ながす,流す,n3
なかなか,,n3
なかば,半ば,n3
なかま,仲間,n3
ながめ,眺め,n3
ながめる,眺める,n3
ながれ,流れ,n3
ながれる,流れる,n3
なし,無し,n3
なぜなら,,n3
なぞ,謎,n3
なっとく,納得,n3
など,等,n3
なにか,何か,n3
なにも,,n3
なべ,鍋,n3
なま,生,n3
なまける,怠ける,n3
なみ,波,n3
なみだ,涙,n3
なやむ,悩む,n3
なる,為る,n3
なる,成る,n3
なわ,縄,n3
なんで,何で,n3
なんでも,何でも,n3
なんとか,何とか,n3
にあう,似合う,n3
におい,匂い,n3
にがて,苦手,n3
にぎる,握る,n3
にち,日,n3
にちじょう,日常,n3
にちよう,日曜,n3
にっこう,日光,n3
にっちゅう,日中,n3
にっこり,,n3
にほん,日本,n3
にっぽん,日本,n3
にゅうじょう,入場,n3
にんき,人気,n3
にんげん,人間,n3
ぬく,抜く,n3
ぬける,抜ける,n3
ぬの,布,n3
ぬれる,濡れる,n3
ね,値,n3
ね,根,n3
ねがい,願い,n3
ねがう,願う,n3
ねずみ,鼠,n3
ねだん,値段,n3
ねっしん,熱心,n3
ねったい,熱帯,n3
ねっちゅう,熱中,n3
ねんかん,年間,n3
ねんげつ,年月,n3
ねんじゅう,年中,n3
ねんだい,年代,n3
ねんれい,年齢,n3
の,野,n3
のう,能,n3
のうか,農家,n3
のうぎょう,農業,n3
のうみん,農民,n3
のうりょく,能力,n3
ノー,,n3
のき,軒,n3
のこす,残す,n3
のこり,残り,n3
のせる,乗せる,n3
のぞく,除く,n3
のぞみ,望み,n3
のぞむ,望む,n3
のち,後,n3
ノック,,n3
のばす,伸ばす,n3
のびる,伸びる,n3
のべる,述べる,n3
のぼる,昇る,n3
のんびり,,n3
ば,場,n3
はあ,,n3
パーセント,,n3
はい,灰,n3
ばいう,梅雨,n3
バイオリン,,n3
ハイキング,,n3
はいたつ,配達,n3
パイプ,,n3
はいゆう,俳優,n3
パイロット,,n3
はか,墓,n3
ばか,馬鹿,n3
はかせ,博士,n3
はかる,計る,n3
はく,吐く,n3
はくしゅ,拍手,n3
ばくだい,莫大,n3
ばくはつ,爆発,n3
はくぶつかん,博物館,n3
はげしい,激しい,n3
はさみ,鋏,n3
はさん,破産,n3
はし,端,n3
はじまり,始まり,n3
パス,,n3
はずす,外す,n3
パスポート,,n3
はた,旗,n3
はだ,肌,n3
はだか,裸,n3
はたけ,畑,n3
はたち,二十,n3
はたらき,働き,n3
バッグ,,n3
はっけん,発見,n3
はっこう,発行,n3
はっしゃ,発車,n3
ばっする,罰する,n3
はったつ,発達,n3
ばったり,,n3
はってん,発展,n3
はっぴょう,発表,n3
はつめい,発明,n3
はなしあう,話し合う,n3
はなす,離す,n3
はなす,放す,n3
はなれる,離れる,n3
はね,羽,n3
はば,幅,n3
ははおや,母親,n3
はぶく,省く,n3
ばめん,場面,n3
はら,腹,n3
はら,原,n3
はり,針,n3
はる,張る,n3
ばん,番,n3
バン,,n3
はんい,範囲,n3
はんこう,反抗,n3
はんざい,犯罪,n3
ハンサム,,n3
はんだん,判断,n3
はんにん,犯人,n3
はんばい,販売,n3
ひ,灯,n3
ビール,,n3
ひがい,被害,n3
ひかく,比較,n3
ひく,轢く,n3
ピクニック,,n3
ひげき,悲劇,n3
ひこう,飛行,n3
ひざ,膝,n3
ひじょう,非常,n3
びじん,美人,n3
ひたい,額,n3
ひづけ,日付,n3
ひっし,必死,n3
ぴったり,,n3
ひっぱる,引っ張る,n3
ひてい,否定,n3
ビデオ,,n3
ひとこと,一言,n3
ひとごみ,人込み,n3
ひとしい,等しい,n3
ひとり,独り,n3
ひとりひとり,一人一人,n3
ひはん,批判,n3
ひひょう,批評,n3
ひみつ,秘密,n3
びみょう,微妙,n3
ひも,紐,n3
ひよう,費用,n3
ひょう,表,n3
びょう,秒,n3
ひょうか,評価,n3
ひょうげん,表現,n3
ひょうじょう,表情,n3
びょうどう,平等,n3
ひょうばん,評判,n3
ひょうめん,表面,n3
ひろがる,広がる,n3
ひん,品,n3
びん,瓶,n3
びん,便,n3
ピン,,n3
ふ,不,n3
ぶ,不,n3
ぶ,無,n3
ぶ,分,n3
ふあん,不安,n3
ふうけい,風景,n3
ふうふ,夫婦,n3
ふえ,笛,n3
ふか,不可,n3
ぶき,武器,n3
ふくそう,服装,n3
ふくむ,含む,n3
ふくろ,袋,n3
ふこう,不幸,n3
ふし,節,n3
ぶじ,無事,n3
ふしぎ,不思議,n3
ふじゆう,不自由,n3
ふじん,夫人,n3
ふじん,婦人,n3
ふせい,不正,n3
ふせぐ,防ぐ,n3
ふそく,不足,n3
ぶたい,舞台,n3
ふたご,双子,n3
ふたたび,再び,n3
ふだん,普段,n3
ふち,縁,n3
ぶつ,打つ,n3
ぶっか,物価,n3
ぶっしつ,物質,n3
ぶつり,物理,n3
ふで,筆,n3
ふと,不図,n3
ふね,船,n3
ぶぶん,部分,n3
ふへい,不平,n3
ふまん,不満,n3
プラス,,n3
プラン,,n3
ふり,不利,n3
ふる,振る,n3
ふるえる,震える,n3
ブレーキ,,n3
ふれる,触れる,n3
プロ,,n3
ぶん,分,n3
ぶん,文,n3
ふんいき,雰囲気,n3
ぶんせき,分析,n3
ぶんめい,文明,n3
ぶんや,分野,n3
へい,塀,n3
へいきん,平均,n3
へいわ,平和,n3
べつに,別に,n3
へらす,減らす,n3
へる,減る,n3
ベルト,,n3
へんか,変化,n3
ペンキ,,n3
へんこう,変更,n3
ベンチ,,n3
べんとう,弁当,n3
ほう,法,n3
ぼう,棒,n3
ぼうけん,冒険,n3
ほうこう,方向,n3
ほうこく,報告,n3
ほうせき,宝石,n3
ほうふ,豊富,n3
ほうほう,方法,n3
ほうぼう,方々,n3
ほうもん,訪問,n3
ほえる,吠える,n3
ボーイ,,n3
ボート,,n3
ホーム,,n3
ボール,,n3
ほか,他,n3
ほか,外,n3
ほこり,誇り,n3
ほこり,埃,n3
ほしょう,保証,n3
ほぞん,保存,n3
ほどう,歩道,n3
ほとけ,仏,n3
ほね,骨,n3
ほのお,炎,n3
ほほ,頬,n3
ほお,頬,n3
ほぼ,略,n3
ほほえむ,微笑む,n3
ほめる,褒める,n3
ほり,濠,n3
ほんと,本当,n3
ほんにん,本人,n3
ほんもの,本物,n3
ぼんやり,,n3
ま,間,n3
まあ,,n3
マーケット,,n3
マイク,,n3
まいご,迷子,n3
まかせる,任せる,n3
まく,幕,n3
まけ,負け,n3
まご,孫,n3
まさか,,n3
まさに,,n3
まじめ,真面目,n3
ます,増す,n3
まずしい,貧しい,n3
マスター,,n3
ますます,,n3
まだ,未だ,n3
まち,街,n3
まちがい,間違い,n3
まつ,松,n3
まっか,真っ赤,n3
まっすぐ,真っ直ぐ,n3
まったく,全く,n3
まつり,祭,n3
まなぶ,学ぶ,n3
まね,真似,n3
まねく,招く,n3
ママ,,n3
まめ,豆,n3
まもる,守る,n3
まる,丸,n3
まる,円,n3
まるで,,n3
まわす,回す,n3
まわり,回り,n3
まんいち,万一,n3
まんぞく,満足,n3
み,身,n3
み,実,n3
みおくり,見送り,n3
みかた,味方,n3
みごと,見事,n3
ミス,,n3
みちる,満ちる,n3
みつ,密,n3
みとめる,認める,n3
みんな,皆,n3
みまい,見舞い,n3
みやげ,土産,n3
みやこ,都,n3
みょう,妙,n3
みょうごにち,明後日,n3
みらい,未来,n3
みりょく,魅力,n3
ミルク,,n3
む,無,n3
むかい,向かい,n3
むかえ,迎え,n3
むく,向く,n3
むける,向ける,n3
むし,無視,n3
むしば,虫歯,n3
むしろ,寧ろ,n3
むすぶ,結ぶ,n3
むだ,無駄,n3
むちゅう,夢中,n3
むね,胸,n3
むりょう,無料,n3
め,芽,n3
めいかく,明確,n3
めいじる,命じる,n3
めいじん,名人,n3
めいれい,命令,n3
めいわく,迷惑,n3
めし,飯,n3
めったに,滅多に,n3
メモ,,n3
めん,面,n3
めん,綿,n3
めんきょ,免許,n3
めんどう,面倒,n3
メンバー,,n3
もうしこむ,申し込む,n3
もうしわけ,申し訳,n3
もうふ,毛布,n3
もえる,燃える,n3
もくてき,目的,n3
もくひょう,目標,n3
もくよう,木曜,n3
もじ,文字,n3
もんじ,文字,n3
もしも,,n3
もちあげる,持ち上げる,n3
もちいる,用いる,n3
もちろん,勿論,n3
もっとも,尤も,n3
もと,元,n3
もと,基,n3
もと,素,n3
もどす,戻す,n3
もとづく,基づく,n3
もとめる,求める,n3
もの,者,n3
ものおと,物音,n3
ものがたり,物語,n3
ものごと,物事,n3
もよう,模様,n3
もらう,貰う,n3
もんく,文句,n3
やがて,,n3
やく,役,n3
やく,約,n3
やく,訳,n3
やくわり,役割,n3
やちん,家賃,n3
やっかい,厄介,n3
やど,宿,n3
やとう,雇う,n3
やね,屋根,n3
やぶる,破る,n3
やめる,辞める,n3
やや,,n3
ゆいいつ,唯一,n3
ゆうき,勇気,n3
ゆうこう,有効,n3
ゆうしゅう,優秀,n3
ゆうしょう,優勝,n3
ゆうじょう,友情,n3
ゆうじん,友人,n3
ゆうのう,有能,n3
ゆうびん,郵便,n3
ゆうべ,夕べ,n3
ユーモア,,n3
ゆうり,有利,n3
ゆか,床,n3
ゆかい,愉快,n3
ゆずる,譲る,n3
ゆたか,豊か,n3
ゆるす,許す,n3
よ,夜,n3
よあけ,夜明け,n3
よう,様,n3
よう,酔う,n3
ようい,容易,n3
ようき,陽気,n3
ようきゅう,要求,n3
ようじん,用心,n3
ようす,様子,n3
ようするに,要するに,n3
ようそ,要素,n3
ようてん,要点,n3
ようび,曜日,n3
ヨーロッパ,,n3
よき,予期,n3
よこぎる,横切る,n3
よさん,予算,n3
よす,止す,n3
よそく,予測,n3
ヨット,,n3
よなか,夜中,n3
よのなか,世の中,n3
よぶん,余分,n3
よほう,予報,n3
よぼう,予防,n3
よみ,読み,n3
よめ,嫁,n3
よゆう,余裕,n3
よる,因る,n3
よろこび,喜び,n3
よろしい,宜しい,n3
よろしく,宜しく,n3
らい,来,n3
ライター,,n3
らく,楽,n3
ラケット,,n3
りえき,利益,n3
りかい,理解,n3
りく,陸,n3
りこう,利口,n3
りこん,離婚,n3
りそう,理想,n3
りつ,率,n3
りゅうがく,留学,n3
りゅうこう,流行,n3
りょう,量,n3
りょうがえ,両替,n3
りょうきん,料金,n3
れい,例,n3
れい,礼,n3
れいぎ,礼儀,n3
れいせい,冷静,n3
れつ,列,n3
れっしゃ,列車,n3
れんそう,連想,n3
れんぞく,連続,n3
ろうじん,老人,n3
ろうどう,労働,n3
ロケット,,n3
ろんじる,論じる,n3
ろんそう,論争,n3
ろんぶん,論文,n3
わ,輪,n3
ワイン,,n3
わがまま,,n3
わかれ,別れ,n3
わき,脇,n3
わける,分ける,n3
わざと,,n3
わずか,僅か,n3
わた,綿,n3
わだい,話題,n3
わらい,笑い,n3
わる,割る,n3
わるくち,悪口,n3
われわれ,我々,n3
わん,湾,n3
あ,,n4
ああ,,n4
あいさつ,,n4
あいだ,間,n4
あう,合う,n4
あかちゃん,,n4
あがる,上る,n4
あかんぼう,赤ん坊,n4
あく,空く,n4
アクセサリー,,n4
あげる,,n4
あさい,浅い,n4
あじ,味,n4
アジア,,n4
あす,明日,n4
あそび,遊び,n4
あつまる,集る,n4
あつめる,集める,n4
アナウンサー,,n4
アフリカ,,n4
アメリカ,,n4
あやまる,謝る,n4
アルコール,,n4
アルバイト,,n4
あんしん,安心,n4
あんぜん,安全,n4
あんな,,n4
あんない,案内,n4
いか,以下,n4
いがい,以外,n4
いがく,医学,n4
いきる,生きる,n4
いけん,意見,n4
いし,石,n4
いじめる,,n4
いじょう,以上,n4
いそぐ,急ぐ,n4
いたす,致す,n4
いただく,,n4
いちど,一度,n4
いっしょうけんめい,一生懸命,n4
いっぱい,一杯,n4
いと,糸,n4
いない,以内,n4
いなか,田舎,n4
いのる,祈る,n4
いらっしゃる,,n4
うえる,植える,n4
うかがう,伺う,n4
うけつけ,受付,n4
うける,受ける,n4
うごく,動く,n4
うそ,嘘,n4
うち,内,n4
うつ,打つ,n4
うつくしい,美しい,n4
うつす,写す,n4
うつる,移る,n4
うで,腕,n4
うまい,上手い,n4
うら,裏,n4
うりば,売り場,n4
うれしい,,n4
うん,,n4
うんてん,運転,n4
うんてんしゅ,運転手,n4
うんどう,運動,n4
エスカレーター,,n4
えだ,枝,n4
えらぶ,選ぶ,n4
えんりょ,遠慮,n4
おいでになる,,n4
おいわい,お祝い,n4
オートバイ,,n4
おかげ,,n4
おかしい,,n4
おく,億,n4
おくじょう,屋上,n4
おくりもの,贈り物,n4
おくる,送る,n4
おくれる,遅れる,n4
おこす,起す,n4
おこなう,行う,n4
おこる,怒る,n4
おしいれ,押し入れ,n4
おじょうさん,お嬢さん,n4
おたく,お宅,n4
おちる,落る,n4
おっしゃる,,n4
おっと,夫,n4
おつり,,n4
おと,音,n4
おとす,落す,n4
おどり,踊り,n4
おどる,踊る,n4
おどろく,驚く,n4
おまつり,お祭り,n4
おみまい,お見舞い,n4
おみやげ,お土産,n4
おもいだす,思い出す,n4
おもう,思う,n4
おもちゃ,,n4
おもて,表,n4
おや,親,n4
おりる,下りる,n4
おる,折る,n4
おれい,お礼,n4
おれる,折れる,n4
おわり,終わり,n4
カーテン,,n4
かいがん,海岸,n4
かいぎ,会議,n4
かいぎしつ,会議室,n4
かいじょう,会場,n4
かいわ,会話,n4
かえり,帰り,n4
かえる,変える,n4
かがく,科学,n4
かがみ,鏡,n4
かざる,飾る,n4
かじ,火事,n4
ガス,,n4
ガソリン,,n4
ガソリンスタンド,,n4
かたい,堅い,n4
かたい,硬い,n4
かたい,固い,n4
かたち,形,n4
かたづける,片付ける,n4
かちょう,課長,n4
かつ,勝つ,n4
かっこう,格好,n4
かない,家内,n4
かなしい,悲しい,n4
かならず,必ず,n4
おかねもち,お金持ち,n4
かねもち,金持ち,n4
かのじょ,彼女,n4
かべ,壁,n4
かまう,,n4
かみ,髪,n4
かむ,噛む,n4
かよう,通う,n4
ガラス,,n4
かれ,彼,n4
かれら,彼ら,n4
かわく,乾く,n4
かわり,代わり,n4
かわる,変わる,n4
かんがえる,考える,n4
かんけい,関係,n4
かんごふ,看護師,n4
かんたん,簡単,n4
き,気,n4
きかい,機会,n4
きけん,危険,n4
きこえる,聞こえる,n4
きしゃ,汽車,n4
ぎじゅつ,技術,n4
きせつ,季節,n4
きそく,規則,n4
きっと,,n4
きぬ,絹,n4
きびしい,厳しい,n4
きぶん,気分,n4
きまる,決る,n4
きみ,君,n4
きめる,決める,n4
きもち,気持ち,n4
きもの,着物,n4
きゃく,客,n4
きゅう,急,n4
きゅうこう,急行,n4
きょういく,教育,n4
きょうかい,教会,n4
きょうそう,競争,n4
きょうみ,興味,n4
きんじょ,近所,n4
ぐあい,具合,n4
くうき,空気,n4
くうこう,空港,n4
くさ,草,n4
くださる,,n4
くび,首,n4
くも,雲,n4
くらべる,比べる,n4
くれる,呉れる,n4
くれる,暮れる,n4
くん,君,n4
け,毛,n4
けいかく,計画,n4
けいけん,経験,n4
けいざい,経済,n4
けいさつ,警察,n4
ケーキ,,n4
けが,怪我,n4
けしき,景色,n4
けしゴム,消しゴム,n4
げしゅく,下宿,n4
けっして,決して,n4
けれど,,n4
けれども,,n4
げんいん,原因,n4
けんか,喧嘩,n4
けんきゅう,研究,n4
けんきゅうしつ,研究室,n4
けんぶつ,見物,n4
こ,子,n4
こう,斯う,n4
こうがい,郊外,n4
こうぎ,講義,n4
こうぎょう,工業,n4
こうこう,高校,n4
こうこうせい,高校生,n4
こうじょう,工場,n4
こうちょう,校長,n4
こうつう,交通,n4
こうどう,講堂,n4
こうとうがっこう,高等学校,n4
こうむいん,公務員,n4
こくさい,国際,n4
こころ,心,n4
ごしゅじん,御主人,n4
こしょう,故障,n4
ごぞんじ,ご存じ,n4
こたえ,答,n4
ごちそう,,n4
こと,,n4
ことり,小鳥,n4
このあいだ,,n4
このごろ,,n4
こまかい,細かい,n4
ごみ,塵,n4
こむ,込む,n4
こめ,米,n4
ごらんになる,,n4
これから,,n4
こわい,怖い,n4
こわす,壊す,n4
こわれる,壊れる,n4
コンサート,,n4
こんど,今度,n4
コンピュータ,,n4
コンピューター,,n4
こんや,今夜,n4
さいきん,最近,n4
さいご,最後,n4
さいしょ,最初,n4
さか,坂,n4
さがす,探す,n4
さがる,下る,n4
さかん,盛ん,n4
さげる,下げる,n4
さしあげる,差し上げる,n4
さっき,先,n4
さびしい,寂しい,n4
さらいげつ,さ来月,n4
さらいしゅう,さ来週,n4
サラダ,,n4
さわぐ,騒ぐ,n4
さわる,触る,n4
さんぎょう,産業,n4
サンダル,,n4
サンドイッチ,,n4
ざんねん,残念,n4
し,市,n4
じ,字,n4
しあい,試合,n4
しかた,仕方,n4
しかる,然る,n4
しけん,試験,n4
じこ,事故,n4
じしん,地震,n4
じだい,時代,n4
したぎ,下着,n4
したく,支度,n4
しっかり,,n4
しっぱい,失敗,n4
じてん,辞典,n4
しなもの,品物,n4
しばらく,,n4
しま,島,n4
しみん,市民,n4
じむしょ,事務所,n4
しゃかい,社会,n4
しゃちょう,社長,n4
じゃま,,n4
ジャム,,n4
じゆう,自由,n4
しゅうかん,習慣,n4
じゅうしょ,住所,n4
じゅうどう,柔道,n4
じゅうぶん,十分,n4
しゅっせき,出席,n4
しゅっぱつ,出発,n4
しゅみ,趣味,n4
じゅんび,準備,n4
しょうかい,紹介,n4
しょうがっこう,小学校,n4
しょうせつ,小説,n4
しょうたい,招待,n4
しょうち,承知,n4
しょうらい,将来,n4
しょくじ,食事,n4
しょくりょうひん,食料品,n4
じょせい,女性,n4
しらせる,知らせる,n4
しらべる,調べる,n4
じんこう,人口,n4
じんじゃ,神社,n4
しんせつ,親切,n4
しんぱい,心配,n4
しんぶんしゃ,新聞社,n4
すいえい,水泳,n4
すいどう,水道,n4
ずいぶん,,n4
すうがく,数学,n4
スーツ,,n4
スーツケース,,n4
すぎる,過ぎる,n4
すく,空く,n4
スクリーン,,n4
すごい,凄い,n4
すすむ,進む,n4
すっかり,,n4
すっと,,n4
ステーキ,,n4
すてる,捨てる,n4
ステレオ,,n4
すな,砂,n4
すばらしい,,n4
すべる,滑る,n4
すみ,隅,n4
すむ,済む,n4
すり,掏摸,n4
すると,,n4
せいかつ,生活,n4
せいさん,生産,n4
せいじ,政治,n4
せいよう,西洋,n4
せかい,世界,n4
せき,席,n4
せつめい,説明,n4
せなか,背中,n4
ぜひ,,n4
せわ,世話,n4
せん,線,n4
ぜんぜん,全然,n4
せんそう,戦争,n4
せんぱい,先輩,n4
そう,,n4
そうだん,相談,n4
そだてる,育てる,n4
そつぎょう,卒業,n4
そふ,祖父,n4
ソフト,,n4
そぼ,祖母,n4
それで,,n4
それに,,n4
それほど,,n4
そろそろ,,n4
そんな,,n4
そんなに,,n4
たいいん,退院,n4
だいがくせい,大学生,n4
だいじ,大事,n4
だいたい,大体,n4
たいてい,大抵,n4
タイプ,,n4
だいぶ,大分,n4
たいふう,台風,n4
たおれる,倒れる,n4
だから,,n4
たしか,確か,n4
たす,足す,n4
たずねる,訪ねる,n4
たずねる,尋ねる,n4
ただしい,正しい,n4
たたみ,畳,n4
たてる,立てる,n4
たてる,建てる,n4
たとえば,例えば,n4
たな,棚,n4
たのしみ,楽しみ,n4
たのしむ,楽む,n4
たまに,,n4
ため,為,n4
だめ,,n4
たりる,足りる,n4
だんせい,男性,n4
だんぼう,暖房,n4
ち,血,n4
チェック,,n4
ちから,力,n4
ちっとも,,n4
ちゃん,,n4
ちゅうい,注意,n4
ちゅうがっこう,中学校,n4
ちゅうしゃ,注射,n4
ちゅうしゃじょう,駐車場,n4
ちり,地理,n4
つかまえる,捕まえる,n4
つき,月,n4
つく,付く,n4
つける,漬ける,n4
つごう,都合,n4
つたえる,伝える,n4
つづく,続く,n4
つづける,続ける,n4
つつむ,包む,n4
つま,妻,n4
つもり,積もり,n4
つる,釣る,n4
つれる,連れる,n4
ていねい,丁寧,n4
テキスト,,n4
てきとう,適当,n4
できるだけ,,n4
てつだう,手伝う,n4
テニス,,n4
てぶくろ,手袋,n4
てら,寺,n4
てん,点,n4
てんいん,店員,n4
てんきよほう,天気予報,n4
でんとう,電灯,n4
でんぽう,電報,n4
てんらんかい,展覧会,n4
と,都,n4
どうぐ,道具,n4
とうとう,到頭,n4
どうぶつえん,動物園,n4
とおく,遠く,n4
とおる,通る,n4
とくに,特に,n4
とくべつ,特別,n4
とこや,,n4
とちゅう,途中,n4
とっきゅう,特急,n4
とどける,届ける,n4
とまる,泊まる,n4
とめる,止める,n4
とりかえる,取り替える,n4
どろぼう,泥棒,n4
どんどん,,n4
なおす,直す,n4
なおる,直る,n4
なおる,治る,n4
なかなか,中々,n4
なく,泣く,n4
なくなる,無くなる,n4
なくなる,亡くなる,n4
なげる,投げる,n4
なさる,,n4
なる,鳴る,n4
なるべく,,n4
なるほど,,n4
なれる,慣れる,n4
におい,,n4
にがい,苦い,n4
にかいだて,二階建て,n4
にげる,逃げる,n4
にっき,日記,n4
にゅういん,入院,n4
にゅうがく,入学,n4
にる,似る,n4
にんぎょう,人形,n4
ぬすむ,盗む,n4
ぬる,塗る,n4
ぬれる,,n4
ねだん,,n4
ねつ,熱,n4
ねっしん,,n4
ねぼう,寝坊,n4
ねむい,眠い,n4
ねむる,眠る,n4
のこる,残る,n4
のど,喉,n4
のりかえる,乗り換える,n4
のりもの,乗り物,n4
は,葉,n4
ばあい,場合,n4
パート,,n4
ばい,倍,n4
はいけん,拝見,n4
はいしゃ,歯医者,n4
はこぶ,運ぶ,n4
はじめる,始める,n4
ばしょ,場所,n4
はず,筈,n4
はずかしい,恥ずかしい,n4
パソコン,,n4
はつおん,発音,n4
はっきり,,n4
はなみ,花見,n4
はやし,林,n4
はらう,払う,n4
ばんぐみ,番組,n4
はんたい,反対,n4
ハンドバッグ,,n4
ひ,日,n4
ひ,火,n4
ピアノ,,n4
ひえる,冷える,n4
ひかり,光,n4
ひかる,光る,n4
ひきだし,引き出し,n4
ひきだす,引き出す,n4
ひげ,髭,n4
ひこうじょう,飛行場,n4
ひさしぶり,久しぶり,n4
びじゅつかん,美術館,n4
ひじょうに,非常に,n4
びっくり,,n4
ひっこす,引っ越す,n4
ひつよう,必要,n4
ひどい,,n4
ひらく,開く,n4
ビル,,n4
ひるま,昼間,n4
ひるやすみ,昼休み,n4
ひろう,拾う,n4
ファックス,,n4
ふえる,増える,n4
ふかい,深い,n4
ふくざつ,複雑,n4
ふくしゅう,復習,n4
ぶちょう,部長,n4
ふつう,普通,n4
ぶどう,葡萄,n4
ふとる,太る,n4
ふとん,布団,n4
ふね,舟,n4
ふべん,不便,n4
ふむ,踏む,n4
ふりだす,降り出す,n4
プレゼント,,n4
ぶんか,文化,n4
ぶんがく,文学,n4
ぶんぽう,文法,n4
べつ,別,n4
ベル,,n4
へん,変,n4
へんじ,返事,n4
ぼうえき,貿易,n4
ほうそう,放送,n4
ほうりつ,法律,n4
ぼく,僕,n4
ほし,星,n4
ほど,程,n4
ほとんど,,n4
ほめる,,n4
ほんやく,翻訳,n4
まいる,参る,n4
まける,負ける,n4
まじめ,,n4
まず,先ず,n4
または,,n4
まちがえる,間違える,n4
まにあう,間に合う,n4
まわり,周り,n4
まわる,回る,n4
まんが,漫画,n4
まんなか,真ん中,n4
みえる,見える,n4
みずうみ,湖,n4
みそ,味噌,n4
みつかる,見つかる,n4
みつける,見つける,n4
みな,皆,n4
みなと,港,n4
むかう,向かう,n4
むかえる,迎える,n4
むかし,昔,n4
むし,虫,n4
むすこ,息子,n4
むすめ,娘,n4
むり,無理,n4
めしあがる,召し上がる,n4
めずらしい,珍しい,n4
もうしあげる,申し上げる,n4
もうす,申す,n4
もうすぐ,,n4
もし,,n4
もちろん,,n4
もっとも,最も,n4
もどる,戻る,n4
もめん,木綿,n4
もらう,,n4
もり,森,n4
やく,焼く,n4
やくそく,約束,n4
やくにたつ,役に立つ,n4
やける,焼ける,n4
やさしい,優しい,n4
やせる,痩せる,n4
やっと,,n4
やはり,,n4
やっぱり,,n4
やむ,止む,n4
やめる,止める,n4
やわらかい,柔らかい,n4
ゆ,湯,n4
ゆしゅつ,輸出,n4
ゆにゅう,輸入,n4
ゆび,指,n4
ゆびわ,指輪,n4
ゆめ,夢,n4
ゆれる,揺れる,n4
よう,用,n4
ようい,用意,n4
ようじ,用事,n4
よごれる,汚れる,n4
よしゅう,予習,n4
よてい,予定,n4
よやく,予約,n4
よる,寄る,n4
よろこぶ,喜ぶ,n4
よろしい,,n4
りゆう,理由,n4
りよう,利用,n4
りょうほう,両方,n4
りょかん,旅館,n4
るす,留守,n4
れいぼう,冷房,n4
れきし,歴史,n4
レジ,,n4
レポート,,n4
リポート,,n4
れんらく,連絡,n4
ワープロ,,n4
わかす,沸かす,n4
わかれる,別れる,n4
わく,沸く,n4
わけ,訳,n4
わすれもの,忘れ物,n4
わらう,笑う,n4
わりあい,割合,n4
われる,割れる,n4
およぎかた,泳ぎ方,n4
あう,会う,n5
あお,青,n5
あおい,青い,n5
あか,赤,n5
あかい,赤い,n5
あかるい,明い,n5
あき,秋,n5
あく,開く,n5
あける,開ける,n5
あげる,上げる,n5
あさ,朝,n5
あさごはん,朝御飯,n5
あさって,,n5
あし,足,n5
あした,明日,n5
あそこ,,n5
あそぶ,遊ぶ,n5
あたたかい,暖かい,n5
あたま,頭,n5
あたらしい,新しい,n5
あちら,,n5
あつい,暑い,n5
あつい,熱い,n5
あつい,厚い,n5
あっち,,n5
あと,後,n5
あなた,貴方,n5
あに,兄,n5
あね,姉,n5
あの,,n5
アパート,,n5
あびる,,n5
あぶない,危ない,n5
あまい,甘い,n5
あまり,,n5
あめ,雨,n5
あめ,飴,n5
あらう,洗う,n5
ある,有る,n5
あるく,歩く,n5
あれ,,n5
いい,,n5
よい,良い,n5
いいえ,,n5
いう,言う,n5
いえ,家,n5
いかが,,n5
いく,行く,n5
いくつ,,n5
いくら,,n5
いけ,池,n5
いしゃ,医者,n5
いす,,n5
いそがしい,忙しい,n5
いたい,痛い,n5
いち,一,n5
いちにち,一日,n5
いちばん,,n5
いつ,何時,n5
いつか,五日,n5
いっしょ,一緒,n5
いつつ,五つ,n5
いつも,,n5
いぬ,犬,n5
いま,今,n5
いみ,意味,n5
いもうと,妹,n5
いや,嫌,n5
いりぐち,入口,n5
いる,居る,n5
いる,要る,n5
いれる,入れる,n5
いろ,色,n5
いろいろ,,n5
うえ,上,n5
うしろ,後ろ,n5
うすい,薄い,n5
うた,歌,n5
うたう,歌う,n5
うまれる,生まれる,n5
うみ,海,n5
うる,売る,n5
うるさい,煩い,n5
うわぎ,上着,n5
え,絵,n5
えいが,映画,n5
えいがかん,映画館,n5
えいご,英語,n5
ええ,,n5
えき,駅,n5
エレベーター,,n5
えんぴつ,鉛筆,n5
おいしい,,n5
おおい,多い,n5
おおきい,大きい,n5
おおきな,大きな,n5
おおぜい,大勢,n5
おかあさん,お母さん,n5
おかし,お菓子,n5
おかね,お金,n5
おきる,起きる,n5
おく,置く,n5
おくさん,奥さん,n5
おさけ,お酒,n5
おさら,お皿,n5
おじいさん,,n5
おしえる,教える,n5
おじさん,,n5
おす,押す,n5
おそい,遅い,n5
おちゃ,お茶,n5
おてあらい,お手洗い,n5
おとうさん,お父さん,n5
おとうと,弟,n5
おとこ,男,n5
おとこのこ,男の子,n5
おととい,一昨日,n5
おととし,一昨年,n5
おとな,大人,n5
おなか,,n5
おなじ,同じ,n5
おにいさん,お兄さん,n5
おねえさん,お姉さん,n5
おばあさん,,n5
おばさん,伯母さん,n5
おふろ,お風呂,n5
おべんとう,お弁当,n5
おぼえる,覚える,n5
おまわりさん,,n5
おもい,重い,n5
おもしろい,,n5
およぐ,泳ぐ,n5
おりる,降りる,n5
おわる,終る,n5
おんがく,音楽,n5
おんな,女,n5
おんなのこ,女の子,n5
がいこく,外国,n5
がいこくじん,外国人,n5
かいしゃ,会社,n5
かいだん,階段,n5
かいもの,買い物,n5
かう,買う,n5
かえす,返す,n5
かえる,帰る,n5
かかる,掛かる,n5
かぎ,鍵,n5
かく,書く,n5
がくせい,学生,n5
かける,掛ける,n5
かさ,傘,n5
かす,貸す,n5
かぜ,風,n5
かぜ,風邪,n5
かぞく,家族,n5
かた,方,n5
がっこう,学校,n5
カップ,,n5
かてい,家庭,n5
かど,角,n5
かばん,鞄,n5
かびん,花瓶,n5
かみ,紙,n5
カメラ,,n5
かようび,火曜日,n5
からい,辛い,n5
からだ,体,n5
かりる,借りる,n5
かるい,軽い,n5
カレー,,n5
カレンダー,,n5
かわ,川,n5
かわ,河,n5
かわいい,,n5
かんじ,漢字,n5
き,木,n5
きいろ,黄色,n5
きいろい,黄色い,n5
きえる,消える,n5
きく,聞く,n5
きた,北,n5
ギター,,n5
きたない,汚い,n5
きっさてん,喫茶店,n5
きって,切手,n5
きっぷ,切符,n5
きのう,昨日,n5
きゅう,九,n5
く,九,n5
ぎゅうにく,牛肉,n5
ぎゅうにゅう,牛乳,n5
きょう,今日,n5
きょうしつ,教室,n5
きょうだい,兄弟,n5
きょねん,去年,n5
きらい,嫌い,n5
きる,切る,n5
きる,着る,n5
きれい,,n5
キロ,,n5
キログラム,,n5
キロメートル,,n5
ぎんこう,銀行,n5
きんようび,金曜日,n5
くすり,薬,n5
ください,,n5
くだもの,果物,n5
くち,口,n5
くつ,靴,n5
くつした,靴下,n5
くに,国,n5
くもり,曇り,n5
くもる,曇る,n5
くらい,暗い,n5
クラス,,n5
グラム,,n5
くる,来る,n5
くるま,車,n5
くろ,黒,n5
くろい,黒い,n5
けいかん,警官,n5
けさ,今朝,n5
けす,消す,n5
けっこう,結構,n5
けっこん,結婚,n5
げつようび,月曜日,n5
げんかん,玄関,n5
げんき,元気,n5
ご,五,n5
こうえん,公園,n5
こうさてん,交差点,n5
こうちゃ,紅茶,n5
こうばん,交番,n5
こえ,声,n5
コート,,n5
コーヒー,,n5
ここ,此処,n5
ごご,午後,n5
ここのか,九日,n5
ここのつ,九つ,n5
ごぜん,午前,n5
こたえる,答える,n5
こちら,,n5
こっち,此方,n5
コップ,,n5
ことし,今年,n5
ことば,言葉,n5
こども,子供,n5
この,此の,n5
ごはん,御飯,n5
コピー,,n5
こまる,困る,n5
これ,,n5
こんげつ,今月,n5
こんしゅう,今週,n5
こんな,,n5
こんばん,今晩,n5
さあ,,n5
さいふ,財布,n5
さかな,魚,n5
さき,先,n5
さく,咲く,n5
さくぶん,作文,n5
さす,差す,n5
ざっし,雑誌,n5
さとう,砂糖,n5
さむい,寒い,n5
さらいねん,さ来年,n5
さん,三,n5
さんぽ,散歩,n5
し,四,n5
よん,四,n5
しお,塩,n5
しかし,然し,n5
じかん,時間,n5
しごと,仕事,n5
じしょ,辞書,n5
しずか,静か,n5
した,下,n5
しち,七,n5
なな,七,n5
しつもん,質問,n5
じてんしゃ,自転車,n5
じどうしゃ,自動車,n5
しぬ,死ぬ,n5
じびき,字引,n5
じぶん,自分,n5
しまる,閉まる,n5
しめる,閉める,n5
しめる,締める,n5
じゃ,,n5
じゃあ,,n5
しゃしん,写真,n5
シャツ,,n5
シャワー,,n5
じゅう,十,n5
とお,十,n5
じゅぎょう,授業,n5
しゅくだい,宿題,n5
じょうず,上手,n5
じょうぶ,丈夫,n5
しょうゆ,,n5
しょくどう,食堂,n5
しる,知る,n5
しろ,白,n5
しろい,白い,n5
しんぶん,新聞,n5
すいようび,水曜日,n5
すう,吸う,n5
スカート,,n5
すき,好き,n5
すくない,少ない,n5
すぐに,,n5
すこし,少し,n5
すずしい,涼しい,n5
ストーブ,,n5
スプーン,,n5
スポーツ,,n5
ズボン,,n5
すむ,住む,n5
スリッパ,,n5
する,為る,n5
すわる,座る,n5
せ,背,n5
せいと,生徒,n5
セーター,,n5
せっけん,,n5
せびろ,背広,n5
せまい,狭い,n5
ゼロ,,n5
せん,千,n5
せんげつ,先月,n5
せんしゅう,先週,n5
せんせい,先生,n5
せんたく,洗濯,n5
ぜんぶ,全部,n5
そうじ,掃除,n5
そうして,,n5
そして,,n5
そこ,其処,n5
そちら,,n5
そっち,,n5
そと,外,n5
その,其の,n5
そば,側,n5
そら,空,n5
それ,,n5
それから,,n5
それでは,,n5
だいがく,大学,n5
たいしかん,大使館,n5
だいじょうぶ,大丈夫,n5
だいすき,大好き,n5
たいせつ,大切,n5
だいどころ,台所,n5
たいへん,大変,n5
たかい,高い,n5
たくさん,,n5
タクシー,,n5
だす,出す,n5
たつ,立つ,n5
たて,縦,n5
たてもの,建物,n5
たのしい,楽しい,n5
たのむ,頼む,n5
たばこ,,n5
たぶん,多分,n5
たべもの,食べ物,n5
たべる,食べる,n5
たまご,卵,n5
だれ,誰,n5
だれか,誰か,n5
たんじょうび,誕生日,n5
だんだん,,n5
ちいさい,小さい,n5
ちいさな,小さな,n5
ちかい,近い,n5
ちがう,違う,n5
ちかく,近く,n5
ちかてつ,地下鉄,n5
ちず,地図,n5
ちゃいろ,茶色,n5
ちゃわん,,n5
ちょうど,丁度,n5
ちょっと,,n5
ついたち,一日,n5
つかう,使う,n5
つかれる,疲れる,n5
つぎ,次,n5
つく,着く,n5
つくえ,机,n5
つくる,作る,n5
つける,付ける,n5
つとめる,勤める,n5
つまらない,,n5
つめたい,冷たい,n5
つよい,強い,n5
て,手,n5
テープ,,n5
テーブル,,n5
テープレコーダー,,n5
でかける,出かける,n5
てがみ,手紙,n5
できる,出来る,n5
でぐち,出口,n5
テスト,,n5
では,,n5
デパート,,n5
でも,,n5
でる,出る,n5
テレビ,,n5
てんき,天気,n5
でんき,電気,n5
でんしゃ,電車,n5
でんわ,電話,n5
と,戸,n5
ドア,,n5
トイレ,,n5
どう,如何,n5
どうして,,n5
どうぞ,,n5
どうぶつ,動物,n5
どうも,,n5
とおい,遠い,n5
とおか,十日,n5
ときどき,時々,n5
とけい,時計,n5
どこ,,n5
ところ,所,n5
とし,年,n5
としょかん,図書館,n5
どちら,,n5
どっち,,n5
とても,,n5
どなた,,n5
となり,隣,n5
どの,何の,n5
とぶ,飛ぶ,n5
とまる,止まる,n5
ともだち,友達,n5
どようび,土曜日,n5
とり,鳥,n5
とりにく,とり肉,n5
とる,取る,n5
とる,撮る,n5
どれ,,n5
ナイフ,,n5
なか,中,n5
ながい,長い,n5
なく,鳴く,n5
なくす,無くす,n5
なぜ,,n5
なつ,夏,n5
なつやすみ,夏休み,n5
など,,n5
ななつ,七つ,n5
なのか,七日,n5
なまえ,名前,n5
ならう,習う,n5
ならぶ,並ぶ,n5
ならべる,並べる,n5
なる,,n5
なん,何,n5
なに,何,n5
に,二,n5
にぎやか,賑やか,n5
にく,肉,n5
にし,西,n5
にちようび,日曜日,n5
にもつ,荷物,n5
ニュース,,n5
にわ,庭,n5
ぬぐ,脱ぐ,n5
ぬるい,温い,n5
ネクタイ,,n5
ねこ,猫,n5
ねる,寝る,n5
ノート,,n5
のぼる,登る,n5
のみもの,飲み物,n5
のむ,飲む,n5
のる,乗る,n5
は,歯,n5
パーティー,,n5
はい,,n5
はいざら,灰皿,n5
はいる,入る,n5
はがき,葉書,n5
はく,履く,n5
はこ,箱,n5
はし,橋,n5
はし,箸,n5
はじまる,始まる,n5
はじめ,初め,n5
はじめ,始め,n5
はじめて,初めて,n5
はしる,走る,n5
バス,,n5
バター,,n5
はたち,二十歳,n5
はたらく,働く,n5
はち,八,n5
はつか,二十日,n5
はな,花,n5
はな,鼻,n5
はなし,話,n5
はなす,話す,n5
はやい,早い,n5
はやい,速い,n5
はる,春,n5
はる,貼る,n5
はれ,晴れ,n5
はれる,晴れる,n5
はん,半,n5
ばん,晩,n5
パン,,n5
ハンカチ,,n5
ばんごう,番号,n5
ばんごはん,晩御飯,n5
はんぶん,半分,n5
ひがし,東,n5
ひく,引く,n5
ひく,弾く,n5
ひくい,低い,n5
ひこうき,飛行機,n5
ひだり,左,n5
ひと,人,n5
ひとつ,一つ,n5
ひとつき,一月,n5
ひとり,一人,n5
ひま,暇,n5
ひゃく,百,n5
びょういん,病院,n5
びょうき,病気,n5
ひる,昼,n5
ひるごはん,昼御飯,n5
ひろい,広い,n5
フィルム,,n5
ふうとう,封筒,n5
プール,,n5
フォーク,,n5
ふく,吹く,n5
ふく,服,n5
ふたつ,二つ,n5
ぶたにく,豚肉,n5
ふたり,二人,n5
ふつか,二日,n5
ふとい,太い,n5
ふゆ,冬,n5
ふる,降る,n5
ふるい,古い,n5
ふろ,風呂,n5
ぶんしょう,文章,n5
ページ,,n5
へた,下手,n5
ベッド,,n5
ペット,,n5
へや,部屋,n5
へん,辺,n5
ペン,,n5
べんきょう,勉強,n5
べんり,便利,n5
ぼうし,帽子,n5
ボールペン,,n5
ほか,,n5
ポケット,,n5
ほしい,欲しい,n5
ポスト,,n5
ほそい,細い,n5
ボタン,,n5
ホテル,,n5
ほん,本,n5
ほんだな,本棚,n5
ほんとう,本当,n5
まいあさ,毎朝,n5
まいげつ,毎月,n5
まいつき,毎月,n5
まいしゅう,毎週,n5
まいにち,毎日,n5
まいねん,毎年,n5
まいとし,毎年,n5
まいばん,毎晩,n5
まえ,前,n5
まがる,曲る,n5
まずい,不味い,n5
また,又,n5
まだ,,n5
まち,町,n5
まつ,待つ,n5
まっすぐ,,n5
マッチ,,n5
まど,窓,n5
まるい,丸い,n5
まるい,円い,n5
まん,万,n5
まんねんひつ,万年筆,n5
みがく,磨く,n5
みぎ,右,n5
みじかい,短い,n5
みず,水,n5
みせ,店,n5
みせる,見せる,n5
みち,道,n5
みっか,三日,n5
みっつ,三つ,n5
みどり,緑,n5
みなさん,皆さん,n5
みなみ,南,n5
みみ,耳,n5
みる,見る,n5
みる,観る,n5
みんな,,n5
むいか,六日,n5
むこう,向こう,n5
むずかしい,難しい,n5
むっつ,六つ,n5
むら,村,n5
め,目,n5
メートル,,n5
めがね,眼鏡,n5
もう,,n5
もういちど,もう一度,n5
もくようび,木曜日,n5
もつ,持つ,n5
もっと,,n5
もの,物,n5
もん,門,n5
もんだい,問題,n5
やおや,八百屋,n5
やさい,野菜,n5
やさしい,易しい,n5
やすい,安い,n5
やすみ,休み,n5
やすむ,休む,n5
やっつ,八つ,n5
やま,山,n5
やる,遣る,n5
ゆうがた,夕方,n5
ゆうはん,夕飯,n5
ゆうびんきょく,郵便局,n5
ゆうべ,昨夜,n5
ゆうめい,有名,n5
ゆき,雪,n5
ゆく,行く,n5
ゆっくり,,n5
ようか,八日,n5
ようふく,洋服,n5
よく,良く,n5
よこ,横,n5
よっか,四日,n5
よっつ,四つ,n5
よぶ,呼ぶ,n5
よむ,読む,n5
よる,夜,n5
よわい,弱い,n5
らいげつ,来月,n5
らいしゅう,来週,n5
らいねん,来年,n5
ラジオ,,n5
ラジカセ,,n5
ラジオカセット,,n5
りっぱ,立派,n5
りゅうがくせい,留学生,n5
りょうしん,両親,n5
りょうり,料理,n5
りょこう,旅行,n5
れい,零,n5
れいぞうこ,冷蔵庫,n5
レコード,,n5
レストラン,,n5
れんしゅう,練習,n5
ろうか,廊下,n5
ろく,六,n5
ワイシャツ,,n5
わかい,若い,n5
わかる,分かる,n5
わすれる,忘れる,n5
わたくし,私,n5
わたし,私,n5
わたす,渡す,n5
わたる,渡る,n5
わるい,悪い,n5
より,,n5
ほう,方,n5